nb_tour;plancton;corail;bar;thon;pollution;pyranha;requin;orque;baleine
2;0;0;0;0;0;0;0;0;0
3;0;0;0;0;0;0;0;0;0
4;0;0;0;0;0;0;0;0;0
5;0;0;0;0;0;0;0;0;0
6;0;0;0;0;0;0;0;0;0
7;0;0;0;0;0;0;0;0;0
8;0;0;0;0;0;0;0;0;0
9;0;0;0;0;0;0;0;0;0
11;23;7;0;97;119;0;17;3;29
12;23;7;0;97;119;0;17;3;29
13;23;7;0;97;119;0;17;3;29
14;23;7;0;97;119;0;17;3;29
15;23;7;0;97;119;0;17;3;29
16;23;7;0;97;119;0;17;3;29
17;23;7;0;97;119;0;17;3;29
18;23;7;0;97;119;0;17;3;29
19;23;7;0;97;119;0;17;3;29
21;31;3;0;85;122;0;13;7;32
22;31;3;0;85;122;0;13;7;32
23;31;3;0;85;122;0;13;7;32
24;31;3;0;85;122;0;13;7;32
25;31;3;0;85;122;0;13;7;32
26;31;3;0;85;122;0;13;7;32
27;31;3;0;85;122;0;13;7;32
28;31;3;0;85;122;0;13;7;32
29;31;3;0;85;122;0;13;7;32
31;60;5;0;82;132;0;26;10;54
32;60;5;0;82;132;0;26;10;54
33;60;5;0;82;132;0;26;10;54
34;60;5;0;82;132;0;26;10;54
35;60;5;0;82;132;0;26;10;54
36;60;5;0;82;132;0;26;10;54
37;60;5;0;82;132;0;26;10;54
38;60;5;0;82;132;0;26;10;54
39;60;5;0;82;132;0;26;10;54
41;70;5;0;71;25;0;24;13;3
42;70;5;0;71;25;0;24;13;3
43;70;5;0;71;25;0;24;13;3
44;70;5;0;71;25;0;24;13;3
45;70;5;0;71;25;0;24;13;3
46;70;5;0;71;25;0;24;13;3
47;70;5;0;71;25;0;24;13;3
48;70;5;0;71;25;0;24;13;3
49;70;5;0;71;25;0;24;13;3
51;108;2;0;65;17;0;17;14;1
52;108;2;0;65;17;0;17;14;1
53;108;2;0;65;17;0;17;14;1
54;108;2;0;65;17;0;17;14;1
55;108;2;0;65;17;0;17;14;1
56;108;2;0;65;17;0;17;14;1
57;108;2;0;65;17;0;17;14;1
58;108;2;0;65;17;0;17;14;1
59;108;2;0;65;17;0;17;14;1
61;174;2;0;45;8;0;19;7;2
62;174;2;0;45;8;0;19;7;2
63;174;2;0;45;8;0;19;7;2
64;174;2;0;45;8;0;19;7;2
65;174;2;0;45;8;0;19;7;2
66;174;2;0;45;8;0;19;7;2
67;174;2;0;45;8;0;19;7;2
68;174;2;0;45;8;0;19;7;2
69;174;2;0;45;8;0;19;7;2
71;223;3;0;50;4;0;15;11;0
72;223;3;0;50;4;0;15;11;0
73;223;3;0;50;4;0;15;11;0
74;223;3;0;50;4;0;15;11;0
75;223;3;0;50;4;0;15;11;0
76;223;3;0;50;4;0;15;11;0
77;223;3;0;50;4;0;15;11;0
78;223;3;0;50;4;0;15;11;0
79;223;3;0;50;4;0;15;11;0
81;290;0;0;44;8;0;12;6;1
82;290;0;0;44;8;0;12;6;1
83;290;0;0;44;8;0;12;6;1
84;290;0;0;44;8;0;12;6;1
85;290;0;0;44;8;0;12;6;1
86;290;0;0;44;8;0;12;6;1
87;290;0;0;44;8;0;12;6;1
88;290;0;0;44;8;0;12;6;1
89;290;0;0;44;8;0;12;6;1
91;362;3;0;47;9;0;6;5;0
92;362;3;0;47;9;0;6;5;0
93;362;3;0;47;9;0;6;5;0
94;362;3;0;47;9;0;6;5;0
95;362;3;0;47;9;0;6;5;0
96;362;3;0;47;9;0;6;5;0
97;362;3;0;47;9;0;6;5;0
98;362;3;0;47;9;0;6;5;0
99;362;3;0;47;9;0;6;5;0
101;402;2;0;23;5;0;16;2;0
102;402;2;0;23;5;0;16;2;0
103;402;2;0;23;5;0;16;2;0
104;402;2;0;23;5;0;16;2;0
105;402;2;0;23;5;0;16;2;0
106;402;2;0;23;5;0;16;2;0
107;402;2;0;23;5;0;16;2;0
108;402;2;0;23;5;0;16;2;0
109;402;2;0;23;5;0;16;2;0
111;484;1;0;38;7;0;9;2;0
112;484;1;0;38;7;0;9;2;0
113;484;1;0;38;7;0;9;2;0
114;484;1;0;38;7;0;9;2;0
115;484;1;0;38;7;0;9;2;0
116;484;1;0;38;7;0;9;2;0
117;484;1;0;38;7;0;9;2;0
118;484;1;0;38;7;0;9;2;0
119;484;1;0;38;7;0;9;2;0
121;556;0;0;30;10;0;10;6;0
122;556;0;0;30;10;0;10;6;0
123;556;0;0;30;10;0;10;6;0
124;556;0;0;30;10;0;10;6;0
125;556;0;0;30;10;0;10;6;0
126;556;0;0;30;10;0;10;6;0
127;556;0;0;30;10;0;10;6;0
128;556;0;0;30;10;0;10;6;0
129;556;0;0;30;10;0;10;6;0
131;575;7;0;30;6;0;5;3;0
132;575;7;0;30;6;0;5;3;0
133;575;7;0;30;6;0;5;3;0
134;575;7;0;30;6;0;5;3;0
135;575;7;0;30;6;0;5;3;0
136;575;7;0;30;6;0;5;3;0
137;575;7;0;30;6;0;5;3;0
138;575;7;0;30;6;0;5;3;0
139;575;7;0;30;6;0;5;3;0
141;606;3;0;29;4;0;9;2;0
142;606;3;0;29;4;0;9;2;0
143;606;3;0;29;4;0;9;2;0
144;606;3;0;29;4;0;9;2;0
145;606;3;0;29;4;0;9;2;0
146;606;3;0;29;4;0;9;2;0
147;606;3;0;29;4;0;9;2;0
148;606;3;0;29;4;0;9;2;0
149;606;3;0;29;4;0;9;2;0
151;628;3;0;31;5;0;9;0;0
152;628;3;0;31;5;0;9;0;0
153;628;3;0;31;5;0;9;0;0
154;628;3;0;31;5;0;9;0;0
155;628;3;0;31;5;0;9;0;0
156;628;3;0;31;5;0;9;0;0
157;628;3;0;31;5;0;9;0;0
158;628;3;0;31;5;0;9;0;0
159;628;3;0;31;5;0;9;0;0
161;650;6;0;30;5;0;14;2;0
162;650;6;0;30;5;0;14;2;0
163;650;6;0;30;5;0;14;2;0
164;650;6;0;30;5;0;14;2;0
165;650;6;0;30;5;0;14;2;0
166;650;6;0;30;5;0;14;2;0
167;650;6;0;30;5;0;14;2;0
168;650;6;0;30;5;0;14;2;0
169;650;6;0;30;5;0;14;2;0
171;632;6;0;36;5;0;10;5;0
172;632;6;0;36;5;0;10;5;0
173;632;6;0;36;5;0;10;5;0
174;632;6;0;36;5;0;10;5;0
175;632;6;0;36;5;0;10;5;0
176;632;6;0;36;5;0;10;5;0
177;632;6;0;36;5;0;10;5;0
178;632;6;0;36;5;0;10;5;0
179;632;6;0;36;5;0;10;5;0
181;622;1;0;36;14;0;10;4;0
182;622;1;0;36;14;0;10;4;0
183;622;1;0;36;14;0;10;4;0
184;622;1;0;36;14;0;10;4;0
185;622;1;0;36;14;0;10;4;0
186;622;1;0;36;14;0;10;4;0
187;622;1;0;36;14;0;10;4;0
188;622;1;0;36;14;0;10;4;0
189;622;1;0;36;14;0;10;4;0
191;642;4;0;52;4;0;6;3;0
192;642;4;0;52;4;0;6;3;0
193;642;4;0;52;4;0;6;3;0
194;642;4;0;52;4;0;6;3;0
195;642;4;0;52;4;0;6;3;0
196;642;4;0;52;4;0;6;3;0
197;642;4;0;52;4;0;6;3;0
198;642;4;0;52;4;0;6;3;0
199;642;4;0;52;4;0;6;3;0
201;619;5;0;55;8;0;3;3;0
202;619;5;0;55;8;0;3;3;0
203;619;5;0;55;8;0;3;3;0
204;619;5;0;55;8;0;3;3;0
205;619;5;0;55;8;0;3;3;0
206;619;5;0;55;8;0;3;3;0
207;619;5;0;55;8;0;3;3;0
208;619;5;0;55;8;0;3;3;0
209;619;5;0;55;8;0;3;3;0
211;618;4;0;63;5;0;7;0;0
212;618;4;0;63;5;0;7;0;0
213;618;4;0;63;5;0;7;0;0
214;618;4;0;63;5;0;7;0;0
215;618;4;0;63;5;0;7;0;0
216;618;4;0;63;5;0;7;0;0
217;618;4;0;63;5;0;7;0;0
218;618;4;0;63;5;0;7;0;0
219;618;4;0;63;5;0;7;0;0
221;618;4;0;71;7;0;6;1;0
222;618;4;0;71;7;0;6;1;0
223;618;4;0;71;7;0;6;1;0
224;618;4;0;71;7;0;6;1;0
225;618;4;0;71;7;0;6;1;0
226;618;4;0;71;7;0;6;1;0
227;618;4;0;71;7;0;6;1;0
228;618;4;0;71;7;0;6;1;0
229;618;4;0;71;7;0;6;1;0
231;603;4;0;92;7;0;2;2;0
232;603;4;0;92;7;0;2;2;0
233;603;4;0;92;7;0;2;2;0
234;603;4;0;92;7;0;2;2;0
235;603;4;0;92;7;0;2;2;0
236;603;4;0;92;7;0;2;2;0
237;603;4;0;92;7;0;2;2;0
238;603;4;0;92;7;0;2;2;0
239;603;4;0;92;7;0;2;2;0
241;595;3;0;75;5;0;6;4;0
242;595;3;0;75;5;0;6;4;0
243;595;3;0;75;5;0;6;4;0
244;595;3;0;75;5;0;6;4;0
245;595;3;0;75;5;0;6;4;0
246;595;3;0;75;5;0;6;4;0
247;595;3;0;75;5;0;6;4;0
248;595;3;0;75;5;0;6;4;0
249;595;3;0;75;5;0;6;4;0
251;564;2;0;87;7;0;4;3;0
252;564;2;0;87;7;0;4;3;0
253;564;2;0;87;7;0;4;3;0
254;564;2;0;87;7;0;4;3;0
255;564;2;0;87;7;0;4;3;0
256;564;2;0;87;7;0;4;3;0
257;564;2;0;87;7;0;4;3;0
258;564;2;0;87;7;0;4;3;0
259;564;2;0;87;7;0;4;3;0
261;546;2;0;83;6;0;7;4;0
262;546;2;0;83;6;0;7;4;0
263;546;2;0;83;6;0;7;4;0
264;546;2;0;83;6;0;7;4;0
265;546;2;0;83;6;0;7;4;0
266;546;2;0;83;6;0;7;4;0
267;546;2;0;83;6;0;7;4;0
268;546;2;0;83;6;0;7;4;0
269;546;2;0;83;6;0;7;4;0
271;564;2;0;95;0;0;6;9;0
272;564;2;0;95;0;0;6;9;0
273;564;2;0;95;0;0;6;9;0
274;564;2;0;95;0;0;6;9;0
275;564;2;0;95;0;0;6;9;0
276;564;2;0;95;0;0;6;9;0
277;564;2;0;95;0;0;6;9;0
278;564;2;0;95;0;0;6;9;0
279;564;2;0;95;0;0;6;9;0
281;539;3;0;91;9;0;7;7;0
282;539;3;0;91;9;0;7;7;0
283;539;3;0;91;9;0;7;7;0
284;539;3;0;91;9;0;7;7;0
285;539;3;0;91;9;0;7;7;0
286;539;3;0;91;9;0;7;7;0
287;539;3;0;91;9;0;7;7;0
288;539;3;0;91;9;0;7;7;0
289;539;3;0;91;9;0;7;7;0
291;528;4;0;111;7;0;4;6;0
292;528;4;0;111;7;0;4;6;0
293;528;4;0;111;7;0;4;6;0
294;528;4;0;111;7;0;4;6;0
295;528;4;0;111;7;0;4;6;0
296;528;4;0;111;7;0;4;6;0
297;528;4;0;111;7;0;4;6;0
298;528;4;0;111;7;0;4;6;0
299;528;4;0;111;7;0;4;6;0
301;543;1;0;97;12;0;7;5;0
302;543;1;0;97;12;0;7;5;0
303;543;1;0;97;12;0;7;5;0
304;543;1;0;97;12;0;7;5;0
305;543;1;0;97;12;0;7;5;0
306;543;1;0;97;12;0;7;5;0
307;543;1;0;97;12;0;7;5;0
308;543;1;0;97;12;0;7;5;0
309;543;1;0;97;12;0;7;5;0
311;521;0;0;124;6;0;2;6;0
312;521;0;0;124;6;0;2;6;0
313;521;0;0;124;6;0;2;6;0
314;521;0;0;124;6;0;2;6;0
315;521;0;0;124;6;0;2;6;0
316;521;0;0;124;6;0;2;6;0
317;521;0;0;124;6;0;2;6;0
318;521;0;0;124;6;0;2;6;0
319;521;0;0;124;6;0;2;6;0
321;508;1;0;130;6;0;4;6;0
322;508;1;0;130;6;0;4;6;0
323;508;1;0;130;6;0;4;6;0
324;508;1;0;130;6;0;4;6;0
325;508;1;0;130;6;0;4;6;0
326;508;1;0;130;6;0;4;6;0
327;508;1;0;130;6;0;4;6;0
328;508;1;0;130;6;0;4;6;0
329;508;1;0;130;6;0;4;6;0
331;485;0;0;115;7;0;-1;5;0
332;485;0;0;115;7;0;-1;5;0
333;485;0;0;115;7;0;-1;5;0
334;485;0;0;115;7;0;-1;5;0
335;485;0;0;115;7;0;-1;5;0
336;485;0;0;115;7;0;-1;5;0
337;485;0;0;115;7;0;-1;5;0
338;485;0;0;115;7;0;-1;5;0
339;485;0;0;115;7;0;-1;5;0
341;492;1;0;143;6;0;3;7;0
342;492;1;0;143;6;0;3;7;0
343;492;1;0;143;6;0;3;7;0
344;492;1;0;143;6;0;3;7;0
345;492;1;0;143;6;0;3;7;0
346;492;1;0;143;6;0;3;7;0
347;492;1;0;143;6;0;3;7;0
348;492;1;0;143;6;0;3;7;0
349;492;1;0;143;6;0;3;7;0
351;474;1;0;118;4;0;3;16;0
352;474;1;0;118;4;0;3;16;0
353;474;1;0;118;4;0;3;16;0
354;474;1;0;118;4;0;3;16;0
355;474;1;0;118;4;0;3;16;0
356;474;1;0;118;4;0;3;16;0
357;474;1;0;118;4;0;3;16;0
358;474;1;0;118;4;0;3;16;0
359;474;1;0;118;4;0;3;16;0
361;448;2;0;141;10;0;2;12;0
362;448;2;0;141;10;0;2;12;0
363;448;2;0;141;10;0;2;12;0
364;448;2;0;141;10;0;2;12;0
365;448;2;0;141;10;0;2;12;0
366;448;2;0;141;10;0;2;12;0
367;448;2;0;141;10;0;2;12;0
368;448;2;0;141;10;0;2;12;0
369;448;2;0;141;10;0;2;12;0
371;439;1;0;158;3;0;1;6;0
372;439;1;0;158;3;0;1;6;0
373;439;1;0;158;3;0;1;6;0
374;439;1;0;158;3;0;1;6;0
375;439;1;0;158;3;0;1;6;0
376;439;1;0;158;3;0;1;6;0
377;439;1;0;158;3;0;1;6;0
378;439;1;0;158;3;0;1;6;0
379;439;1;0;158;3;0;1;6;0
381;412;2;0;152;5;0;1;15;0
382;412;2;0;152;5;0;1;15;0
383;412;2;0;152;5;0;1;15;0
384;412;2;0;152;5;0;1;15;0
385;412;2;0;152;5;0;1;15;0
386;412;2;0;152;5;0;1;15;0
387;412;2;0;152;5;0;1;15;0
388;412;2;0;152;5;0;1;15;0
389;412;2;0;152;5;0;1;15;0
391;407;1;0;148;9;0;1;13;0
392;407;1;0;148;9;0;1;13;0
393;407;1;0;148;9;0;1;13;0
394;407;1;0;148;9;0;1;13;0
395;407;1;0;148;9;0;1;13;0
396;407;1;0;148;9;0;1;13;0
397;407;1;0;148;9;0;1;13;0
398;407;1;0;148;9;0;1;13;0
399;407;1;0;148;9;0;1;13;0
401;389;0;0;163;10;0;1;9;0
402;389;0;0;163;10;0;1;9;0
403;389;0;0;163;10;0;1;9;0
404;389;0;0;163;10;0;1;9;0
405;389;0;0;163;10;0;1;9;0
406;389;0;0;163;10;0;1;9;0
407;389;0;0;163;10;0;1;9;0
408;389;0;0;163;10;0;1;9;0
409;389;0;0;163;10;0;1;9;0
411;340;2;0;185;7;0;1;19;0
412;340;2;0;185;7;0;1;19;0
413;340;2;0;185;7;0;1;19;0
414;340;2;0;185;7;0;1;19;0
415;340;2;0;185;7;0;1;19;0
416;340;2;0;185;7;0;1;19;0
417;340;2;0;185;7;0;1;19;0
418;340;2;0;185;7;0;1;19;0
419;340;2;0;185;7;0;1;19;0
421;327;1;0;178;11;0;0;16;0
422;327;1;0;178;11;0;0;16;0
423;327;1;0;178;11;0;0;16;0
424;327;1;0;178;11;0;0;16;0
425;327;1;0;178;11;0;0;16;0
426;327;1;0;178;11;0;0;16;0
427;327;1;0;178;11;0;0;16;0
428;327;1;0;178;11;0;0;16;0
429;327;1;0;178;11;0;0;16;0
431;371;1;0;176;7;0;0;23;0
432;371;1;0;176;7;0;0;23;0
433;371;1;0;176;7;0;0;23;0
434;371;1;0;176;7;0;0;23;0
435;371;1;0;176;7;0;0;23;0
436;371;1;0;176;7;0;0;23;0
437;371;1;0;176;7;0;0;23;0
438;371;1;0;176;7;0;0;23;0
439;371;1;0;176;7;0;0;23;0
441;308;2;0;185;4;0;0;25;0
442;308;2;0;185;4;0;0;25;0
443;308;2;0;185;4;0;0;25;0
444;308;2;0;185;4;0;0;25;0
445;308;2;0;185;4;0;0;25;0
446;308;2;0;185;4;0;0;25;0
447;308;2;0;185;4;0;0;25;0
448;308;2;0;185;4;0;0;25;0
449;308;2;0;185;4;0;0;25;0
451;306;2;0;212;2;0;0;19;0
452;306;2;0;212;2;0;0;19;0
453;306;2;0;212;2;0;0;19;0
454;306;2;0;212;2;0;0;19;0
455;306;2;0;212;2;0;0;19;0
456;306;2;0;212;2;0;0;19;0
457;306;2;0;212;2;0;0;19;0
458;306;2;0;212;2;0;0;19;0
459;306;2;0;212;2;0;0;19;0
461;303;5;0;205;3;0;0;29;0
462;303;5;0;205;3;0;0;29;0
463;303;5;0;205;3;0;0;29;0
464;303;5;0;205;3;0;0;29;0
465;303;5;0;205;3;0;0;29;0
466;303;5;0;205;3;0;0;29;0
467;303;5;0;205;3;0;0;29;0
468;303;5;0;205;3;0;0;29;0
469;303;5;0;205;3;0;0;29;0
471;294;0;0;193;1;0;0;19;0
472;294;0;0;193;1;0;0;19;0
473;294;0;0;193;1;0;0;19;0
474;294;0;0;193;1;0;0;19;0
475;294;0;0;193;1;0;0;19;0
476;294;0;0;193;1;0;0;19;0
477;294;0;0;193;1;0;0;19;0
478;294;0;0;193;1;0;0;19;0
479;294;0;0;193;1;0;0;19;0
481;278;0;0;201;6;0;0;32;0
482;278;0;0;201;6;0;0;32;0
483;278;0;0;201;6;0;0;32;0
484;278;0;0;201;6;0;0;32;0
485;278;0;0;201;6;0;0;32;0
486;278;0;0;201;6;0;0;32;0
487;278;0;0;201;6;0;0;32;0
488;278;0;0;201;6;0;0;32;0
489;278;0;0;201;6;0;0;32;0
491;275;0;0;201;5;0;0;24;0
492;275;0;0;201;5;0;0;24;0
493;275;0;0;201;5;0;0;24;0
494;275;0;0;201;5;0;0;24;0
495;275;0;0;201;5;0;0;24;0
496;275;0;0;201;5;0;0;24;0
497;275;0;0;201;5;0;0;24;0
498;275;0;0;201;5;0;0;24;0
499;275;0;0;201;5;0;0;24;0
501;297;0;0;183;5;0;0;41;0
502;297;0;0;183;5;0;0;41;0
503;297;0;0;183;5;0;0;41;0
504;297;0;0;183;5;0;0;41;0
505;297;0;0;183;5;0;0;41;0
506;297;0;0;183;5;0;0;41;0
507;297;0;0;183;5;0;0;41;0
508;297;0;0;183;5;0;0;41;0
509;297;0;0;183;5;0;0;41;0
511;289;0;0;163;3;0;0;41;0
512;289;0;0;163;3;0;0;41;0
513;289;0;0;163;3;0;0;41;0
514;289;0;0;163;3;0;0;41;0
515;289;0;0;163;3;0;0;41;0
516;289;0;0;163;3;0;0;41;0
517;289;0;0;163;3;0;0;41;0
518;289;0;0;163;3;0;0;41;0
519;289;0;0;163;3;0;0;41;0
521;286;0;0;189;2;0;0;49;0
522;286;0;0;189;2;0;0;49;0
523;286;0;0;189;2;0;0;49;0
524;286;0;0;189;2;0;0;49;0
525;286;0;0;189;2;0;0;49;0
526;286;0;0;189;2;0;0;49;0
527;286;0;0;189;2;0;0;49;0
528;286;0;0;189;2;0;0;49;0
529;286;0;0;189;2;0;0;49;0
531;276;0;0;209;5;0;0;39;0
532;276;0;0;209;5;0;0;39;0
533;276;0;0;209;5;0;0;39;0
534;276;0;0;209;5;0;0;39;0
535;276;0;0;209;5;0;0;39;0
536;276;0;0;209;5;0;0;39;0
537;276;0;0;209;5;0;0;39;0
538;276;0;0;209;5;0;0;39;0
539;276;0;0;209;5;0;0;39;0
541;264;0;0;196;2;0;0;46;0
542;264;0;0;196;2;0;0;46;0
543;264;0;0;196;2;0;0;46;0
544;264;0;0;196;2;0;0;46;0
545;264;0;0;196;2;0;0;46;0
546;264;0;0;196;2;0;0;46;0
547;264;0;0;196;2;0;0;46;0
548;264;0;0;196;2;0;0;46;0
549;264;0;0;196;2;0;0;46;0
551;252;0;0;193;5;0;0;37;0
552;252;0;0;193;5;0;0;37;0
553;252;0;0;193;5;0;0;37;0
554;252;0;0;193;5;0;0;37;0
555;252;0;0;193;5;0;0;37;0
556;252;0;0;193;5;0;0;37;0
557;252;0;0;193;5;0;0;37;0
558;252;0;0;193;5;0;0;37;0
559;252;0;0;193;5;0;0;37;0
561;247;0;0;186;6;0;0;52;0
562;247;0;0;186;6;0;0;52;0
563;247;0;0;186;6;0;0;52;0
564;247;0;0;186;6;0;0;52;0
565;247;0;0;186;6;0;0;52;0
566;247;0;0;186;6;0;0;52;0
567;247;0;0;186;6;0;0;52;0
568;247;0;0;186;6;0;0;52;0
569;247;0;0;186;6;0;0;52;0
571;279;0;0;197;0;0;0;39;0
572;279;0;0;197;0;0;0;39;0
573;279;0;0;197;0;0;0;39;0
574;279;0;0;197;0;0;0;39;0
575;279;0;0;197;0;0;0;39;0
576;279;0;0;197;0;0;0;39;0
577;279;0;0;197;0;0;0;39;0
578;279;0;0;197;0;0;0;39;0
579;279;0;0;197;0;0;0;39;0
581;206;0;0;205;1;0;0;56;0
582;206;0;0;205;1;0;0;56;0
583;206;0;0;205;1;0;0;56;0
584;206;0;0;205;1;0;0;56;0
585;206;0;0;205;1;0;0;56;0
586;206;0;0;205;1;0;0;56;0
587;206;0;0;205;1;0;0;56;0
588;206;0;0;205;1;0;0;56;0
589;206;0;0;205;1;0;0;56;0
591;185;0;0;215;2;0;0;62;0
592;185;0;0;215;2;0;0;62;0
593;185;0;0;215;2;0;0;62;0
594;185;0;0;215;2;0;0;62;0
595;185;0;0;215;2;0;0;62;0
596;185;0;0;215;2;0;0;62;0
597;185;0;0;215;2;0;0;62;0
598;185;0;0;215;2;0;0;62;0
599;185;0;0;215;2;0;0;62;0
601;176;0;0;201;8;0;0;74;0
602;176;0;0;201;8;0;0;74;0
603;176;0;0;201;8;0;0;74;0
604;176;0;0;201;8;0;0;74;0
605;176;0;0;201;8;0;0;74;0
606;176;0;0;201;8;0;0;74;0
607;176;0;0;201;8;0;0;74;0
608;176;0;0;201;8;0;0;74;0
609;176;0;0;201;8;0;0;74;0
611;178;0;0;213;-2;0;0;67;0
612;178;0;0;213;-2;0;0;67;0
613;178;0;0;213;-2;0;0;67;0
614;178;0;0;213;-2;0;0;67;0
615;178;0;0;213;-2;0;0;67;0
616;178;0;0;213;-2;0;0;67;0
617;178;0;0;213;-2;0;0;67;0
618;178;0;0;213;-2;0;0;67;0
619;178;0;0;213;-2;0;0;67;0
621;190;0;0;209;3;0;0;55;0
622;190;0;0;209;3;0;0;55;0
623;190;0;0;209;3;0;0;55;0
624;190;0;0;209;3;0;0;55;0
625;190;0;0;209;3;0;0;55;0
626;190;0;0;209;3;0;0;55;0
627;190;0;0;209;3;0;0;55;0
628;190;0;0;209;3;0;0;55;0
629;190;0;0;209;3;0;0;55;0
631;171;0;0;182;0;0;0;61;0
632;171;0;0;182;0;0;0;61;0
633;171;0;0;182;0;0;0;61;0
634;171;0;0;182;0;0;0;61;0
635;171;0;0;182;0;0;0;61;0
636;171;0;0;182;0;0;0;61;0
637;171;0;0;182;0;0;0;61;0
638;171;0;0;182;0;0;0;61;0
639;171;0;0;182;0;0;0;61;0
641;176;0;0;193;2;0;0;71;0
642;176;0;0;193;2;0;0;71;0
643;176;0;0;193;2;0;0;71;0
644;176;0;0;193;2;0;0;71;0
645;176;0;0;193;2;0;0;71;0
646;176;0;0;193;2;0;0;71;0
647;176;0;0;193;2;0;0;71;0
648;176;0;0;193;2;0;0;71;0
649;176;0;0;193;2;0;0;71;0
651;163;0;0;209;4;0;0;65;0
652;163;0;0;209;4;0;0;65;0
653;163;0;0;209;4;0;0;65;0
654;163;0;0;209;4;0;0;65;0
655;163;0;0;209;4;0;0;65;0
656;163;0;0;209;4;0;0;65;0
657;163;0;0;209;4;0;0;65;0
658;163;0;0;209;4;0;0;65;0
659;163;0;0;209;4;0;0;65;0
661;156;0;0;194;5;0;0;65;0
662;156;0;0;194;5;0;0;65;0
663;156;0;0;194;5;0;0;65;0
664;156;0;0;194;5;0;0;65;0
665;156;0;0;194;5;0;0;65;0
666;156;0;0;194;5;0;0;65;0
667;156;0;0;194;5;0;0;65;0
668;156;0;0;194;5;0;0;65;0
669;156;0;0;194;5;0;0;65;0
671;153;0;0;199;4;0;0;90;0
672;153;0;0;199;4;0;0;90;0
673;153;0;0;199;4;0;0;90;0
674;153;0;0;199;4;0;0;90;0
675;153;0;0;199;4;0;0;90;0
676;153;0;0;199;4;0;0;90;0
677;153;0;0;199;4;0;0;90;0
678;153;0;0;199;4;0;0;90;0
679;153;0;0;199;4;0;0;90;0
681;140;0;0;195;3;0;0;62;0
682;140;0;0;195;3;0;0;62;0
683;140;0;0;195;3;0;0;62;0
684;140;0;0;195;3;0;0;62;0
685;140;0;0;195;3;0;0;62;0
686;140;0;0;195;3;0;0;62;0
687;140;0;0;195;3;0;0;62;0
688;140;0;0;195;3;0;0;62;0
689;140;0;0;195;3;0;0;62;0
691;141;0;0;166;4;0;0;87;0
692;141;0;0;166;4;0;0;87;0
693;141;0;0;166;4;0;0;87;0
694;141;0;0;166;4;0;0;87;0
695;141;0;0;166;4;0;0;87;0
696;141;0;0;166;4;0;0;87;0
697;141;0;0;166;4;0;0;87;0
698;141;0;0;166;4;0;0;87;0
699;141;0;0;166;4;0;0;87;0
701;153;0;0;180;1;0;0;90;0
702;153;0;0;180;1;0;0;90;0
703;153;0;0;180;1;0;0;90;0
704;153;0;0;180;1;0;0;90;0
705;153;0;0;180;1;0;0;90;0
706;153;0;0;180;1;0;0;90;0
707;153;0;0;180;1;0;0;90;0
708;153;0;0;180;1;0;0;90;0
709;153;0;0;180;1;0;0;90;0
711;169;0;0;164;5;0;0;84;0
712;169;0;0;164;5;0;0;84;0
713;169;0;0;164;5;0;0;84;0
714;169;0;0;164;5;0;0;84;0
715;169;0;0;164;5;0;0;84;0
716;169;0;0;164;5;0;0;84;0
717;169;0;0;164;5;0;0;84;0
718;169;0;0;164;5;0;0;84;0
719;169;0;0;164;5;0;0;84;0
721;177;0;0;183;2;0;0;72;0
722;177;0;0;183;2;0;0;72;0
723;177;0;0;183;2;0;0;72;0
724;177;0;0;183;2;0;0;72;0
725;177;0;0;183;2;0;0;72;0
726;177;0;0;183;2;0;0;72;0
727;177;0;0;183;2;0;0;72;0
728;177;0;0;183;2;0;0;72;0
729;177;0;0;183;2;0;0;72;0
731;160;0;0;164;4;0;0;77;0
732;160;0;0;164;4;0;0;77;0
733;160;0;0;164;4;0;0;77;0
734;160;0;0;164;4;0;0;77;0
735;160;0;0;164;4;0;0;77;0
736;160;0;0;164;4;0;0;77;0
737;160;0;0;164;4;0;0;77;0
738;160;0;0;164;4;0;0;77;0
739;160;0;0;164;4;0;0;77;0
741;194;0;0;148;3;0;0;67;0
742;194;0;0;148;3;0;0;67;0
743;194;0;0;148;3;0;0;67;0
744;194;0;0;148;3;0;0;67;0
745;194;0;0;148;3;0;0;67;0
746;194;0;0;148;3;0;0;67;0
747;194;0;0;148;3;0;0;67;0
748;194;0;0;148;3;0;0;67;0
749;194;0;0;148;3;0;0;67;0
751;185;0;0;156;6;0;0;72;0
752;185;0;0;156;6;0;0;72;0
753;185;0;0;156;6;0;0;72;0
754;185;0;0;156;6;0;0;72;0
755;185;0;0;156;6;0;0;72;0
756;185;0;0;156;6;0;0;72;0
757;185;0;0;156;6;0;0;72;0
758;185;0;0;156;6;0;0;72;0
759;185;0;0;156;6;0;0;72;0
761;159;0;0;178;5;0;0;101;0
762;159;0;0;178;5;0;0;101;0
763;159;0;0;178;5;0;0;101;0
764;159;0;0;178;5;0;0;101;0
765;159;0;0;178;5;0;0;101;0
766;159;0;0;178;5;0;0;101;0
767;159;0;0;178;5;0;0;101;0
768;159;0;0;178;5;0;0;101;0
769;159;0;0;178;5;0;0;101;0
771;158;0;0;177;6;0;0;94;0
772;158;0;0;177;6;0;0;94;0
773;158;0;0;177;6;0;0;94;0
774;158;0;0;177;6;0;0;94;0
775;158;0;0;177;6;0;0;94;0
776;158;0;0;177;6;0;0;94;0
777;158;0;0;177;6;0;0;94;0
778;158;0;0;177;6;0;0;94;0
779;158;0;0;177;6;0;0;94;0
781;148;0;0;171;8;0;0;94;0
782;148;0;0;171;8;0;0;94;0
783;148;0;0;171;8;0;0;94;0
784;148;0;0;171;8;0;0;94;0
785;148;0;0;171;8;0;0;94;0
786;148;0;0;171;8;0;0;94;0
787;148;0;0;171;8;0;0;94;0
788;148;0;0;171;8;0;0;94;0
789;148;0;0;171;8;0;0;94;0
791;172;0;0;162;9;0;0;85;0
792;172;0;0;162;9;0;0;85;0
793;172;0;0;162;9;0;0;85;0
794;172;0;0;162;9;0;0;85;0
795;172;0;0;162;9;0;0;85;0
796;172;0;0;162;9;0;0;85;0
797;172;0;0;162;9;0;0;85;0
798;172;0;0;162;9;0;0;85;0
799;172;0;0;162;9;0;0;85;0
801;178;0;0;152;6;0;0;83;0
802;178;0;0;152;6;0;0;83;0
803;178;0;0;152;6;0;0;83;0
804;178;0;0;152;6;0;0;83;0
805;178;0;0;152;6;0;0;83;0
806;178;0;0;152;6;0;0;83;0
807;178;0;0;152;6;0;0;83;0
808;178;0;0;152;6;0;0;83;0
809;178;0;0;152;6;0;0;83;0
811;169;0;0;152;5;0;0;87;0
812;169;0;0;152;5;0;0;87;0
813;169;0;0;152;5;0;0;87;0
814;169;0;0;152;5;0;0;87;0
815;169;0;0;152;5;0;0;87;0
816;169;0;0;152;5;0;0;87;0
817;169;0;0;152;5;0;0;87;0
818;169;0;0;152;5;0;0;87;0
819;169;0;0;152;5;0;0;87;0
821;153;0;0;162;8;0;0;96;0
822;153;0;0;162;8;0;0;96;0
823;153;0;0;162;8;0;0;96;0
824;153;0;0;162;8;0;0;96;0
825;153;0;0;162;8;0;0;96;0
826;153;0;0;162;8;0;0;96;0
827;153;0;0;162;8;0;0;96;0
828;153;0;0;162;8;0;0;96;0
829;153;0;0;162;8;0;0;96;0
831;182;0;0;148;6;0;0;88;0
832;182;0;0;148;6;0;0;88;0
833;182;0;0;148;6;0;0;88;0
834;182;0;0;148;6;0;0;88;0
835;182;0;0;148;6;0;0;88;0
836;182;0;0;148;6;0;0;88;0
837;182;0;0;148;6;0;0;88;0
838;182;0;0;148;6;0;0;88;0
839;182;0;0;148;6;0;0;88;0
841;149;0;0;162;5;0;0;83;0
842;149;0;0;162;5;0;0;83;0
843;149;0;0;162;5;0;0;83;0
844;149;0;0;162;5;0;0;83;0
845;149;0;0;162;5;0;0;83;0
846;149;0;0;162;5;0;0;83;0
847;149;0;0;162;5;0;0;83;0
848;149;0;0;162;5;0;0;83;0
849;149;0;0;162;5;0;0;83;0
851;158;0;0;153;4;0;0;79;0
852;158;0;0;153;4;0;0;79;0
853;158;0;0;153;4;0;0;79;0
854;158;0;0;153;4;0;0;79;0
855;158;0;0;153;4;0;0;79;0
856;158;0;0;153;4;0;0;79;0
857;158;0;0;153;4;0;0;79;0
858;158;0;0;153;4;0;0;79;0
859;158;0;0;153;4;0;0;79;0
861;153;0;0;144;3;0;0;88;0
862;153;0;0;144;3;0;0;88;0
863;153;0;0;144;3;0;0;88;0
864;153;0;0;144;3;0;0;88;0
865;153;0;0;144;3;0;0;88;0
866;153;0;0;144;3;0;0;88;0
867;153;0;0;144;3;0;0;88;0
868;153;0;0;144;3;0;0;88;0
869;153;0;0;144;3;0;0;88;0
871;135;0;0;164;4;0;0;73;0
872;135;0;0;164;4;0;0;73;0
873;135;0;0;164;4;0;0;73;0
874;135;0;0;164;4;0;0;73;0
875;135;0;0;164;4;0;0;73;0
876;135;0;0;164;4;0;0;73;0
877;135;0;0;164;4;0;0;73;0
878;135;0;0;164;4;0;0;73;0
879;135;0;0;164;4;0;0;73;0
881;135;0;0;135;7;0;0;85;0
882;135;0;0;135;7;0;0;85;0
883;135;0;0;135;7;0;0;85;0
884;135;0;0;135;7;0;0;85;0
885;135;0;0;135;7;0;0;85;0
886;135;0;0;135;7;0;0;85;0
887;135;0;0;135;7;0;0;85;0
888;135;0;0;135;7;0;0;85;0
889;135;0;0;135;7;0;0;85;0
891;160;0;0;141;5;0;0;85;0
892;160;0;0;141;5;0;0;85;0
893;160;0;0;141;5;0;0;85;0
894;160;0;0;141;5;0;0;85;0
895;160;0;0;141;5;0;0;85;0
896;160;0;0;141;5;0;0;85;0
897;160;0;0;141;5;0;0;85;0
898;160;0;0;141;5;0;0;85;0
899;160;0;0;141;5;0;0;85;0
901;165;0;0;142;2;0;0;82;0
902;165;0;0;142;2;0;0;82;0
903;165;0;0;142;2;0;0;82;0
904;165;0;0;142;2;0;0;82;0
905;165;0;0;142;2;0;0;82;0
906;165;0;0;142;2;0;0;82;0
907;165;0;0;142;2;0;0;82;0
908;165;0;0;142;2;0;0;82;0
909;165;0;0;142;2;0;0;82;0
911;187;0;0;135;7;0;0;70;0
912;187;0;0;135;7;0;0;70;0
913;187;0;0;135;7;0;0;70;0
914;187;0;0;135;7;0;0;70;0
915;187;0;0;135;7;0;0;70;0
916;187;0;0;135;7;0;0;70;0
917;187;0;0;135;7;0;0;70;0
918;187;0;0;135;7;0;0;70;0
919;187;0;0;135;7;0;0;70;0
921;184;0;0;133;10;0;0;75;0
922;184;0;0;133;10;0;0;75;0
923;184;0;0;133;10;0;0;75;0
924;184;0;0;133;10;0;0;75;0
925;184;0;0;133;10;0;0;75;0
926;184;0;0;133;10;0;0;75;0
927;184;0;0;133;10;0;0;75;0
928;184;0;0;133;10;0;0;75;0
929;184;0;0;133;10;0;0;75;0
931;178;0;0;139;4;0;0;76;0
932;178;0;0;139;4;0;0;76;0
933;178;0;0;139;4;0;0;76;0
934;178;0;0;139;4;0;0;76;0
935;178;0;0;139;4;0;0;76;0
936;178;0;0;139;4;0;0;76;0
937;178;0;0;139;4;0;0;76;0
938;178;0;0;139;4;0;0;76;0
939;178;0;0;139;4;0;0;76;0
941;178;0;0;162;2;0;0;68;0
942;178;0;0;162;2;0;0;68;0
943;178;0;0;162;2;0;0;68;0
944;178;0;0;162;2;0;0;68;0
945;178;0;0;162;2;0;0;68;0
946;178;0;0;162;2;0;0;68;0
947;178;0;0;162;2;0;0;68;0
948;178;0;0;162;2;0;0;68;0
949;178;0;0;162;2;0;0;68;0
951;177;0;0;149;12;0;0;70;0
952;177;0;0;149;12;0;0;70;0
953;177;0;0;149;12;0;0;70;0
954;177;0;0;149;12;0;0;70;0
955;177;0;0;149;12;0;0;70;0
956;177;0;0;149;12;0;0;70;0
957;177;0;0;149;12;0;0;70;0
958;177;0;0;149;12;0;0;70;0
959;177;0;0;149;12;0;0;70;0
961;160;0;0;153;1;0;0;69;0
962;160;0;0;153;1;0;0;69;0
963;160;0;0;153;1;0;0;69;0
964;160;0;0;153;1;0;0;69;0
965;160;0;0;153;1;0;0;69;0
966;160;0;0;153;1;0;0;69;0
967;160;0;0;153;1;0;0;69;0
968;160;0;0;153;1;0;0;69;0
969;160;0;0;153;1;0;0;69;0
971;202;0;0;147;4;0;0;65;0
972;202;0;0;147;4;0;0;65;0
973;202;0;0;147;4;0;0;65;0
974;202;0;0;147;4;0;0;65;0
975;202;0;0;147;4;0;0;65;0
976;202;0;0;147;4;0;0;65;0
977;202;0;0;147;4;0;0;65;0
978;202;0;0;147;4;0;0;65;0
979;202;0;0;147;4;0;0;65;0
981;220;0;0;131;8;0;0;57;0
982;220;0;0;131;8;0;0;57;0
983;220;0;0;131;8;0;0;57;0
984;220;0;0;131;8;0;0;57;0
985;220;0;0;131;8;0;0;57;0
986;220;0;0;131;8;0;0;57;0
987;220;0;0;131;8;0;0;57;0
988;220;0;0;131;8;0;0;57;0
989;220;0;0;131;8;0;0;57;0
991;228;0;0;129;4;0;0;49;0
992;228;0;0;129;4;0;0;49;0
993;228;0;0;129;4;0;0;49;0
994;228;0;0;129;4;0;0;49;0
995;228;0;0;129;4;0;0;49;0
996;228;0;0;129;4;0;0;49;0
997;228;0;0;129;4;0;0;49;0
998;228;0;0;129;4;0;0;49;0
999;228;0;0;129;4;0;0;49;0
1001;189;0;0;152;9;0;0;79;0
1002;189;0;0;152;9;0;0;79;0
1003;189;0;0;152;9;0;0;79;0
1004;189;0;0;152;9;0;0;79;0
1005;189;0;0;152;9;0;0;79;0
1006;189;0;0;152;9;0;0;79;0
1007;189;0;0;152;9;0;0;79;0
1008;189;0;0;152;9;0;0;79;0
1009;189;0;0;152;9;0;0;79;0
1011;207;0;0;139;7;0;0;61;0
1012;207;0;0;139;7;0;0;61;0
1013;207;0;0;139;7;0;0;61;0
1014;207;0;0;139;7;0;0;61;0
1015;207;0;0;139;7;0;0;61;0
1016;207;0;0;139;7;0;0;61;0
1017;207;0;0;139;7;0;0;61;0
1018;207;0;0;139;7;0;0;61;0
1019;207;0;0;139;7;0;0;61;0
1021;209;0;0;123;6;0;0;74;0
1022;209;0;0;123;6;0;0;74;0
1023;209;0;0;123;6;0;0;74;0
1024;209;0;0;123;6;0;0;74;0
1025;209;0;0;123;6;0;0;74;0
1026;209;0;0;123;6;0;0;74;0
1027;209;0;0;123;6;0;0;74;0
1028;209;0;0;123;6;0;0;74;0
1029;209;0;0;123;6;0;0;74;0
1031;228;0;0;106;4;0;0;79;0
1032;228;0;0;106;4;0;0;79;0
1033;228;0;0;106;4;0;0;79;0
1034;228;0;0;106;4;0;0;79;0
1035;228;0;0;106;4;0;0;79;0
1036;228;0;0;106;4;0;0;79;0
1037;228;0;0;106;4;0;0;79;0
1038;228;0;0;106;4;0;0;79;0
1039;228;0;0;106;4;0;0;79;0
1041;234;0;0;118;6;0;0;83;0
1042;234;0;0;118;6;0;0;83;0
1043;234;0;0;118;6;0;0;83;0
1044;234;0;0;118;6;0;0;83;0
1045;234;0;0;118;6;0;0;83;0
1046;234;0;0;118;6;0;0;83;0
1047;234;0;0;118;6;0;0;83;0
1048;234;0;0;118;6;0;0;83;0
1049;234;0;0;118;6;0;0;83;0
1051;252;0;0;123;6;0;0;63;0
1052;252;0;0;123;6;0;0;63;0
1053;252;0;0;123;6;0;0;63;0
1054;252;0;0;123;6;0;0;63;0
1055;252;0;0;123;6;0;0;63;0
1056;252;0;0;123;6;0;0;63;0
1057;252;0;0;123;6;0;0;63;0
1058;252;0;0;123;6;0;0;63;0
1059;252;0;0;123;6;0;0;63;0
1061;229;0;0;137;7;0;0;75;0
1062;229;0;0;137;7;0;0;75;0
1063;229;0;0;137;7;0;0;75;0
1064;229;0;0;137;7;0;0;75;0
1065;229;0;0;137;7;0;0;75;0
1066;229;0;0;137;7;0;0;75;0
1067;229;0;0;137;7;0;0;75;0
1068;229;0;0;137;7;0;0;75;0
1069;229;0;0;137;7;0;0;75;0
1071;260;0;0;133;6;0;0;66;0
1072;260;0;0;133;6;0;0;66;0
1073;260;0;0;133;6;0;0;66;0
1074;260;0;0;133;6;0;0;66;0
1075;260;0;0;133;6;0;0;66;0
1076;260;0;0;133;6;0;0;66;0
1077;260;0;0;133;6;0;0;66;0
1078;260;0;0;133;6;0;0;66;0
1079;260;0;0;133;6;0;0;66;0
1081;279;0;0;126;0;0;0;62;0
1082;279;0;0;126;0;0;0;62;0
1083;279;0;0;126;0;0;0;62;0
1084;279;0;0;126;0;0;0;62;0
1085;279;0;0;126;0;0;0;62;0
1086;279;0;0;126;0;0;0;62;0
1087;279;0;0;126;0;0;0;62;0
1088;279;0;0;126;0;0;0;62;0
1089;279;0;0;126;0;0;0;62;0
1091;286;0;0;122;3;0;0;74;0
1092;286;0;0;122;3;0;0;74;0
1093;286;0;0;122;3;0;0;74;0
1094;286;0;0;122;3;0;0;74;0
1095;286;0;0;122;3;0;0;74;0
1096;286;0;0;122;3;0;0;74;0
1097;286;0;0;122;3;0;0;74;0
1098;286;0;0;122;3;0;0;74;0
1099;286;0;0;122;3;0;0;74;0
1101;276;0;0;143;3;0;0;70;0
1102;276;0;0;143;3;0;0;70;0
1103;276;0;0;143;3;0;0;70;0
1104;276;0;0;143;3;0;0;70;0
1105;276;0;0;143;3;0;0;70;0
1106;276;0;0;143;3;0;0;70;0
1107;276;0;0;143;3;0;0;70;0
1108;276;0;0;143;3;0;0;70;0
1109;276;0;0;143;3;0;0;70;0
1111;247;0;0;140;1;0;0;78;0
1112;247;0;0;140;1;0;0;78;0
1113;247;0;0;140;1;0;0;78;0
1114;247;0;0;140;1;0;0;78;0
1115;247;0;0;140;1;0;0;78;0
1116;247;0;0;140;1;0;0;78;0
1117;247;0;0;140;1;0;0;78;0
1118;247;0;0;140;1;0;0;78;0
1119;247;0;0;140;1;0;0;78;0
1121;267;0;0;120;1;0;0;80;0
1122;267;0;0;120;1;0;0;80;0
1123;267;0;0;120;1;0;0;80;0
1124;267;0;0;120;1;0;0;80;0
1125;267;0;0;120;1;0;0;80;0
1126;267;0;0;120;1;0;0;80;0
1127;267;0;0;120;1;0;0;80;0
1128;267;0;0;120;1;0;0;80;0
1129;267;0;0;120;1;0;0;80;0
1131;258;0;0;131;9;0;0;83;0
1132;258;0;0;131;9;0;0;83;0
1133;258;0;0;131;9;0;0;83;0
1134;258;0;0;131;9;0;0;83;0
1135;258;0;0;131;9;0;0;83;0
1136;258;0;0;131;9;0;0;83;0
1137;258;0;0;131;9;0;0;83;0
1138;258;0;0;131;9;0;0;83;0
1139;258;0;0;131;9;0;0;83;0
1141;255;0;0;130;5;0;0;90;0
1142;255;0;0;130;5;0;0;90;0
1143;255;0;0;130;5;0;0;90;0
1144;255;0;0;130;5;0;0;90;0
1145;255;0;0;130;5;0;0;90;0
1146;255;0;0;130;5;0;0;90;0
1147;255;0;0;130;5;0;0;90;0
1148;255;0;0;130;5;0;0;90;0
1149;255;0;0;130;5;0;0;90;0
1151;220;0;0;146;3;0;0;93;0
1152;220;0;0;146;3;0;0;93;0
1153;220;0;0;146;3;0;0;93;0
1154;220;0;0;146;3;0;0;93;0
1155;220;0;0;146;3;0;0;93;0
1156;220;0;0;146;3;0;0;93;0
1157;220;0;0;146;3;0;0;93;0
1158;220;0;0;146;3;0;0;93;0
1159;220;0;0;146;3;0;0;93;0
1161;241;0;0;119;3;0;0;96;0
1162;241;0;0;119;3;0;0;96;0
1163;241;0;0;119;3;0;0;96;0
1164;241;0;0;119;3;0;0;96;0
1165;241;0;0;119;3;0;0;96;0
1166;241;0;0;119;3;0;0;96;0
1167;241;0;0;119;3;0;0;96;0
1168;241;0;0;119;3;0;0;96;0
1169;241;0;0;119;3;0;0;96;0
1171;208;0;0;125;6;0;0;100;0
1172;208;0;0;125;6;0;0;100;0
1173;208;0;0;125;6;0;0;100;0
1174;208;0;0;125;6;0;0;100;0
1175;208;0;0;125;6;0;0;100;0
1176;208;0;0;125;6;0;0;100;0
1177;208;0;0;125;6;0;0;100;0
1178;208;0;0;125;6;0;0;100;0
1179;208;0;0;125;6;0;0;100;0
1181;234;0;0;125;6;0;0;85;0
1182;234;0;0;125;6;0;0;85;0
1183;234;0;0;125;6;0;0;85;0
1184;234;0;0;125;6;0;0;85;0
1185;234;0;0;125;6;0;0;85;0
1186;234;0;0;125;6;0;0;85;0
1187;234;0;0;125;6;0;0;85;0
1188;234;0;0;125;6;0;0;85;0
1189;234;0;0;125;6;0;0;85;0
1191;175;0;0;120;5;0;0;128;0
1192;175;0;0;120;5;0;0;128;0
1193;175;0;0;120;5;0;0;128;0
1194;175;0;0;120;5;0;0;128;0
1195;175;0;0;120;5;0;0;128;0
1196;175;0;0;120;5;0;0;128;0
1197;175;0;0;120;5;0;0;128;0
1198;175;0;0;120;5;0;0;128;0
1199;175;0;0;120;5;0;0;128;0
1201;186;0;0;99;5;0;0;120;0
1202;186;0;0;99;5;0;0;120;0
1203;186;0;0;99;5;0;0;120;0
1204;186;0;0;99;5;0;0;120;0
1205;186;0;0;99;5;0;0;120;0
1206;186;0;0;99;5;0;0;120;0
1207;186;0;0;99;5;0;0;120;0
1208;186;0;0;99;5;0;0;120;0
1209;186;0;0;99;5;0;0;120;0
1211;186;0;0;125;4;0;0;111;0
1212;186;0;0;125;4;0;0;111;0
1213;186;0;0;125;4;0;0;111;0
1214;186;0;0;125;4;0;0;111;0
1215;186;0;0;125;4;0;0;111;0
1216;186;0;0;125;4;0;0;111;0
1217;186;0;0;125;4;0;0;111;0
1218;186;0;0;125;4;0;0;111;0
1219;186;0;0;125;4;0;0;111;0
1221;176;0;0;114;7;0;0;120;0
1222;176;0;0;114;7;0;0;120;0
1223;176;0;0;114;7;0;0;120;0
1224;176;0;0;114;7;0;0;120;0
1225;176;0;0;114;7;0;0;120;0
1226;176;0;0;114;7;0;0;120;0
1227;176;0;0;114;7;0;0;120;0
1228;176;0;0;114;7;0;0;120;0
1229;176;0;0;114;7;0;0;120;0
1231;184;0;0;117;4;0;0;97;0
1232;184;0;0;117;4;0;0;97;0
1233;184;0;0;117;4;0;0;97;0
1234;184;0;0;117;4;0;0;97;0
1235;184;0;0;117;4;0;0;97;0
1236;184;0;0;117;4;0;0;97;0
1237;184;0;0;117;4;0;0;97;0
1238;184;0;0;117;4;0;0;97;0
1239;184;0;0;117;4;0;0;97;0
1241;201;0;0;116;1;0;0;113;0
1242;201;0;0;116;1;0;0;113;0
1243;201;0;0;116;1;0;0;113;0
1244;201;0;0;116;1;0;0;113;0
1245;201;0;0;116;1;0;0;113;0
1246;201;0;0;116;1;0;0;113;0
1247;201;0;0;116;1;0;0;113;0
1248;201;0;0;116;1;0;0;113;0
1249;201;0;0;116;1;0;0;113;0
1251;188;0;0;101;9;0;0;130;0
1252;188;0;0;101;9;0;0;130;0
1253;188;0;0;101;9;0;0;130;0
1254;188;0;0;101;9;0;0;130;0
1255;188;0;0;101;9;0;0;130;0
1256;188;0;0;101;9;0;0;130;0
1257;188;0;0;101;9;0;0;130;0
1258;188;0;0;101;9;0;0;130;0
1259;188;0;0;101;9;0;0;130;0
1261;178;0;0;105;7;0;0;146;0
1262;178;0;0;105;7;0;0;146;0
1263;178;0;0;105;7;0;0;146;0
1264;178;0;0;105;7;0;0;146;0
1265;178;0;0;105;7;0;0;146;0
1266;178;0;0;105;7;0;0;146;0
1267;178;0;0;105;7;0;0;146;0
1268;178;0;0;105;7;0;0;146;0
1269;178;0;0;105;7;0;0;146;0
1271;162;0;0;105;5;0;0;133;0
1272;162;0;0;105;5;0;0;133;0
1273;162;0;0;105;5;0;0;133;0
1274;162;0;0;105;5;0;0;133;0
1275;162;0;0;105;5;0;0;133;0
1276;162;0;0;105;5;0;0;133;0
1277;162;0;0;105;5;0;0;133;0
1278;162;0;0;105;5;0;0;133;0
1279;162;0;0;105;5;0;0;133;0
1281;134;0;0;87;2;0;0;131;0
1282;134;0;0;87;2;0;0;131;0
1283;134;0;0;87;2;0;0;131;0
1284;134;0;0;87;2;0;0;131;0
1285;134;0;0;87;2;0;0;131;0
1286;134;0;0;87;2;0;0;131;0
1287;134;0;0;87;2;0;0;131;0
1288;134;0;0;87;2;0;0;131;0
1289;134;0;0;87;2;0;0;131;0
1291;121;0;0;110;5;0;0;137;0
1292;121;0;0;110;5;0;0;137;0
1293;121;0;0;110;5;0;0;137;0
1294;121;0;0;110;5;0;0;137;0
1295;121;0;0;110;5;0;0;137;0
1296;121;0;0;110;5;0;0;137;0
1297;121;0;0;110;5;0;0;137;0
1298;121;0;0;110;5;0;0;137;0
1299;121;0;0;110;5;0;0;137;0
1301;136;0;0;95;4;0;0;135;0
1302;136;0;0;95;4;0;0;135;0
1303;136;0;0;95;4;0;0;135;0
1304;136;0;0;95;4;0;0;135;0
1305;136;0;0;95;4;0;0;135;0
1306;136;0;0;95;4;0;0;135;0
1307;136;0;0;95;4;0;0;135;0
1308;136;0;0;95;4;0;0;135;0
1309;136;0;0;95;4;0;0;135;0
1311;126;0;0;117;0;0;0;129;0
1312;126;0;0;117;0;0;0;129;0
1313;126;0;0;117;0;0;0;129;0
1314;126;0;0;117;0;0;0;129;0
1315;126;0;0;117;0;0;0;129;0
1316;126;0;0;117;0;0;0;129;0
1317;126;0;0;117;0;0;0;129;0
1318;126;0;0;117;0;0;0;129;0
1319;126;0;0;117;0;0;0;129;0
1321;136;0;0;84;3;0;0;154;0
1322;136;0;0;84;3;0;0;154;0
1323;136;0;0;84;3;0;0;154;0
1324;136;0;0;84;3;0;0;154;0
1325;136;0;0;84;3;0;0;154;0
1326;136;0;0;84;3;0;0;154;0
1327;136;0;0;84;3;0;0;154;0
1328;136;0;0;84;3;0;0;154;0
1329;136;0;0;84;3;0;0;154;0
1331;144;0;0;81;4;0;0;143;0
1332;144;0;0;81;4;0;0;143;0
1333;144;0;0;81;4;0;0;143;0
1334;144;0;0;81;4;0;0;143;0
1335;144;0;0;81;4;0;0;143;0
1336;144;0;0;81;4;0;0;143;0
1337;144;0;0;81;4;0;0;143;0
1338;144;0;0;81;4;0;0;143;0
1339;144;0;0;81;4;0;0;143;0
1341;108;0;0;80;1;0;0;154;0
1342;108;0;0;80;1;0;0;154;0
1343;108;0;0;80;1;0;0;154;0
1344;108;0;0;80;1;0;0;154;0
1345;108;0;0;80;1;0;0;154;0
1346;108;0;0;80;1;0;0;154;0
1347;108;0;0;80;1;0;0;154;0
1348;108;0;0;80;1;0;0;154;0
1349;108;0;0;80;1;0;0;154;0
1351;92;0;0;79;5;0;0;167;0
1352;92;0;0;79;5;0;0;167;0
1353;92;0;0;79;5;0;0;167;0
1354;92;0;0;79;5;0;0;167;0
1355;92;0;0;79;5;0;0;167;0
1356;92;0;0;79;5;0;0;167;0
1357;92;0;0;79;5;0;0;167;0
1358;92;0;0;79;5;0;0;167;0
1359;92;0;0;79;5;0;0;167;0
1361;78;0;0;94;6;0;0;155;0
1362;78;0;0;94;6;0;0;155;0
1363;78;0;0;94;6;0;0;155;0
1364;78;0;0;94;6;0;0;155;0
1365;78;0;0;94;6;0;0;155;0
1366;78;0;0;94;6;0;0;155;0
1367;78;0;0;94;6;0;0;155;0
1368;78;0;0;94;6;0;0;155;0
1369;78;0;0;94;6;0;0;155;0
1371;111;0;0;86;4;0;0;148;0
1372;111;0;0;86;4;0;0;148;0
1373;111;0;0;86;4;0;0;148;0
1374;111;0;0;86;4;0;0;148;0
1375;111;0;0;86;4;0;0;148;0
1376;111;0;0;86;4;0;0;148;0
1377;111;0;0;86;4;0;0;148;0
1378;111;0;0;86;4;0;0;148;0
1379;111;0;0;86;4;0;0;148;0
1381;95;0;0;97;5;0;0;155;0
1382;95;0;0;97;5;0;0;155;0
1383;95;0;0;97;5;0;0;155;0
1384;95;0;0;97;5;0;0;155;0
1385;95;0;0;97;5;0;0;155;0
1386;95;0;0;97;5;0;0;155;0
1387;95;0;0;97;5;0;0;155;0
1388;95;0;0;97;5;0;0;155;0
1389;95;0;0;97;5;0;0;155;0
1391;104;0;0;85;4;0;0;150;0
1392;104;0;0;85;4;0;0;150;0
1393;104;0;0;85;4;0;0;150;0
1394;104;0;0;85;4;0;0;150;0
1395;104;0;0;85;4;0;0;150;0
1396;104;0;0;85;4;0;0;150;0
1397;104;0;0;85;4;0;0;150;0
1398;104;0;0;85;4;0;0;150;0
1399;104;0;0;85;4;0;0;150;0
1401;117;0;0;81;0;0;0;143;0
1402;117;0;0;81;0;0;0;143;0
1403;117;0;0;81;0;0;0;143;0
1404;117;0;0;81;0;0;0;143;0
1405;117;0;0;81;0;0;0;143;0
1406;117;0;0;81;0;0;0;143;0
1407;117;0;0;81;0;0;0;143;0
1408;117;0;0;81;0;0;0;143;0
1409;117;0;0;81;0;0;0;143;0
1411;105;0;0;95;4;0;0;131;0
1412;105;0;0;95;4;0;0;131;0
1413;105;0;0;95;4;0;0;131;0
1414;105;0;0;95;4;0;0;131;0
1415;105;0;0;95;4;0;0;131;0
1416;105;0;0;95;4;0;0;131;0
1417;105;0;0;95;4;0;0;131;0
1418;105;0;0;95;4;0;0;131;0
1419;105;0;0;95;4;0;0;131;0
1421;115;0;0;65;5;0;0;175;0
1422;115;0;0;65;5;0;0;175;0
1423;115;0;0;65;5;0;0;175;0
1424;115;0;0;65;5;0;0;175;0
1425;115;0;0;65;5;0;0;175;0
1426;115;0;0;65;5;0;0;175;0
1427;115;0;0;65;5;0;0;175;0
1428;115;0;0;65;5;0;0;175;0
1429;115;0;0;65;5;0;0;175;0
1431;102;0;0;78;7;0;0;170;0
1432;102;0;0;78;7;0;0;170;0
1433;102;0;0;78;7;0;0;170;0
1434;102;0;0;78;7;0;0;170;0
1435;102;0;0;78;7;0;0;170;0
1436;102;0;0;78;7;0;0;170;0
1437;102;0;0;78;7;0;0;170;0
1438;102;0;0;78;7;0;0;170;0
1439;102;0;0;78;7;0;0;170;0
1441;85;0;0;86;4;0;0;168;0
1442;85;0;0;86;4;0;0;168;0
1443;85;0;0;86;4;0;0;168;0
1444;85;0;0;86;4;0;0;168;0
1445;85;0;0;86;4;0;0;168;0
1446;85;0;0;86;4;0;0;168;0
1447;85;0;0;86;4;0;0;168;0
1448;85;0;0;86;4;0;0;168;0
1449;85;0;0;86;4;0;0;168;0
1451;114;0;0;77;6;0;0;148;0
1452;114;0;0;77;6;0;0;148;0
1453;114;0;0;77;6;0;0;148;0
1454;114;0;0;77;6;0;0;148;0
1455;114;0;0;77;6;0;0;148;0
1456;114;0;0;77;6;0;0;148;0
1457;114;0;0;77;6;0;0;148;0
1458;114;0;0;77;6;0;0;148;0
1459;114;0;0;77;6;0;0;148;0
1461;107;0;0;85;5;0;0;163;0
1462;107;0;0;85;5;0;0;163;0
1463;107;0;0;85;5;0;0;163;0
1464;107;0;0;85;5;0;0;163;0
1465;107;0;0;85;5;0;0;163;0
1466;107;0;0;85;5;0;0;163;0
1467;107;0;0;85;5;0;0;163;0
1468;107;0;0;85;5;0;0;163;0
1469;107;0;0;85;5;0;0;163;0
1471;84;0;0;83;6;0;0;152;0
1472;84;0;0;83;6;0;0;152;0
1473;84;0;0;83;6;0;0;152;0
1474;84;0;0;83;6;0;0;152;0
1475;84;0;0;83;6;0;0;152;0
1476;84;0;0;83;6;0;0;152;0
1477;84;0;0;83;6;0;0;152;0
1478;84;0;0;83;6;0;0;152;0
1479;84;0;0;83;6;0;0;152;0
1481;83;0;0;75;3;0;0;168;0
1482;83;0;0;75;3;0;0;168;0
1483;83;0;0;75;3;0;0;168;0
1484;83;0;0;75;3;0;0;168;0
1485;83;0;0;75;3;0;0;168;0
1486;83;0;0;75;3;0;0;168;0
1487;83;0;0;75;3;0;0;168;0
1488;83;0;0;75;3;0;0;168;0
1489;83;0;0;75;3;0;0;168;0
1491;72;0;0;75;2;0;0;165;0
1492;72;0;0;75;2;0;0;165;0
1493;72;0;0;75;2;0;0;165;0
1494;72;0;0;75;2;0;0;165;0
1495;72;0;0;75;2;0;0;165;0
1496;72;0;0;75;2;0;0;165;0
1497;72;0;0;75;2;0;0;165;0
1498;72;0;0;75;2;0;0;165;0
1499;72;0;0;75;2;0;0;165;0
1501;76;0;0;75;4;0;0;162;0
1502;76;0;0;75;4;0;0;162;0
1503;76;0;0;75;4;0;0;162;0
1504;76;0;0;75;4;0;0;162;0
1505;76;0;0;75;4;0;0;162;0
1506;76;0;0;75;4;0;0;162;0
1507;76;0;0;75;4;0;0;162;0
1508;76;0;0;75;4;0;0;162;0
1509;76;0;0;75;4;0;0;162;0
1511;75;0;0;68;6;0;0;160;0
1512;75;0;0;68;6;0;0;160;0
1513;75;0;0;68;6;0;0;160;0
1514;75;0;0;68;6;0;0;160;0
1515;75;0;0;68;6;0;0;160;0
1516;75;0;0;68;6;0;0;160;0
1517;75;0;0;68;6;0;0;160;0
1518;75;0;0;68;6;0;0;160;0
1519;75;0;0;68;6;0;0;160;0
1521;85;0;0;58;3;0;0;165;0
1522;85;0;0;58;3;0;0;165;0
1523;85;0;0;58;3;0;0;165;0
1524;85;0;0;58;3;0;0;165;0
1525;85;0;0;58;3;0;0;165;0
1526;85;0;0;58;3;0;0;165;0
1527;85;0;0;58;3;0;0;165;0
1528;85;0;0;58;3;0;0;165;0
1529;85;0;0;58;3;0;0;165;0
1531;70;0;0;55;5;0;0;167;0
1532;70;0;0;55;5;0;0;167;0
1533;70;0;0;55;5;0;0;167;0
1534;70;0;0;55;5;0;0;167;0
1535;70;0;0;55;5;0;0;167;0
1536;70;0;0;55;5;0;0;167;0
1537;70;0;0;55;5;0;0;167;0
1538;70;0;0;55;5;0;0;167;0
1539;70;0;0;55;5;0;0;167;0
1541;74;0;0;72;7;0;0;159;0
1542;74;0;0;72;7;0;0;159;0
1543;74;0;0;72;7;0;0;159;0
1544;74;0;0;72;7;0;0;159;0
1545;74;0;0;72;7;0;0;159;0
1546;74;0;0;72;7;0;0;159;0
1547;74;0;0;72;7;0;0;159;0
1548;74;0;0;72;7;0;0;159;0
1549;74;0;0;72;7;0;0;159;0
1551;82;0;0;60;3;0;0;142;0
1552;82;0;0;60;3;0;0;142;0
1553;82;0;0;60;3;0;0;142;0
1554;82;0;0;60;3;0;0;142;0
1555;82;0;0;60;3;0;0;142;0
1556;82;0;0;60;3;0;0;142;0
1557;82;0;0;60;3;0;0;142;0
1558;82;0;0;60;3;0;0;142;0
1559;82;0;0;60;3;0;0;142;0
1561;101;0;0;53;0;0;0;166;0
1562;101;0;0;53;0;0;0;166;0
1563;101;0;0;53;0;0;0;166;0
1564;101;0;0;53;0;0;0;166;0
1565;101;0;0;53;0;0;0;166;0
1566;101;0;0;53;0;0;0;166;0
1567;101;0;0;53;0;0;0;166;0
1568;101;0;0;53;0;0;0;166;0
1569;101;0;0;53;0;0;0;166;0
1571;100;0;0;53;2;0;0;161;0
1572;100;0;0;53;2;0;0;161;0
1573;100;0;0;53;2;0;0;161;0
1574;100;0;0;53;2;0;0;161;0
1575;100;0;0;53;2;0;0;161;0
1576;100;0;0;53;2;0;0;161;0
1577;100;0;0;53;2;0;0;161;0
1578;100;0;0;53;2;0;0;161;0
1579;100;0;0;53;2;0;0;161;0
1581;104;0;0;50;3;0;0;135;0
1582;104;0;0;50;3;0;0;135;0
1583;104;0;0;50;3;0;0;135;0
1584;104;0;0;50;3;0;0;135;0
1585;104;0;0;50;3;0;0;135;0
1586;104;0;0;50;3;0;0;135;0
1587;104;0;0;50;3;0;0;135;0
1588;104;0;0;50;3;0;0;135;0
1589;104;0;0;50;3;0;0;135;0
1591;103;0;0;41;3;0;0;159;0
1592;103;0;0;41;3;0;0;159;0
1593;103;0;0;41;3;0;0;159;0
1594;103;0;0;41;3;0;0;159;0
1595;103;0;0;41;3;0;0;159;0
1596;103;0;0;41;3;0;0;159;0
1597;103;0;0;41;3;0;0;159;0
1598;103;0;0;41;3;0;0;159;0
1599;103;0;0;41;3;0;0;159;0
1601;130;0;0;32;9;0;0;148;0
1602;130;0;0;32;9;0;0;148;0
1603;130;0;0;32;9;0;0;148;0
1604;130;0;0;32;9;0;0;148;0
1605;130;0;0;32;9;0;0;148;0
1606;130;0;0;32;9;0;0;148;0
1607;130;0;0;32;9;0;0;148;0
1608;130;0;0;32;9;0;0;148;0
1609;130;0;0;32;9;0;0;148;0
1611;133;0;0;33;5;0;0;144;0
1612;133;0;0;33;5;0;0;144;0
1613;133;0;0;33;5;0;0;144;0
1614;133;0;0;33;5;0;0;144;0
1615;133;0;0;33;5;0;0;144;0
1616;133;0;0;33;5;0;0;144;0
1617;133;0;0;33;5;0;0;144;0
1618;133;0;0;33;5;0;0;144;0
1619;133;0;0;33;5;0;0;144;0
1621;144;0;0;24;7;0;0;147;0
1622;144;0;0;24;7;0;0;147;0
1623;144;0;0;24;7;0;0;147;0
1624;144;0;0;24;7;0;0;147;0
1625;144;0;0;24;7;0;0;147;0
1626;144;0;0;24;7;0;0;147;0
1627;144;0;0;24;7;0;0;147;0
1628;144;0;0;24;7;0;0;147;0
1629;144;0;0;24;7;0;0;147;0
1631;144;0;0;29;2;0;0;146;0
1632;144;0;0;29;2;0;0;146;0
1633;144;0;0;29;2;0;0;146;0
1634;144;0;0;29;2;0;0;146;0
1635;144;0;0;29;2;0;0;146;0
1636;144;0;0;29;2;0;0;146;0
1637;144;0;0;29;2;0;0;146;0
1638;144;0;0;29;2;0;0;146;0
1639;144;0;0;29;2;0;0;146;0
1641;169;0;0;30;5;0;0;139;0
1642;169;0;0;30;5;0;0;139;0
1643;169;0;0;30;5;0;0;139;0
1644;169;0;0;30;5;0;0;139;0
1645;169;0;0;30;5;0;0;139;0
1646;169;0;0;30;5;0;0;139;0
1647;169;0;0;30;5;0;0;139;0
1648;169;0;0;30;5;0;0;139;0
1649;169;0;0;30;5;0;0;139;0
1651;190;0;0;28;6;0;0;146;0
1652;190;0;0;28;6;0;0;146;0
1653;190;0;0;28;6;0;0;146;0
1654;190;0;0;28;6;0;0;146;0
1655;190;0;0;28;6;0;0;146;0
1656;190;0;0;28;6;0;0;146;0
1657;190;0;0;28;6;0;0;146;0
1658;190;0;0;28;6;0;0;146;0
1659;190;0;0;28;6;0;0;146;0
1661;170;0;0;19;9;0;0;135;0
1662;170;0;0;19;9;0;0;135;0
1663;170;0;0;19;9;0;0;135;0
1664;170;0;0;19;9;0;0;135;0
1665;170;0;0;19;9;0;0;135;0
1666;170;0;0;19;9;0;0;135;0
1667;170;0;0;19;9;0;0;135;0
1668;170;0;0;19;9;0;0;135;0
1669;170;0;0;19;9;0;0;135;0
1671;182;0;0;28;7;0;0;154;0
1672;182;0;0;28;7;0;0;154;0
1673;182;0;0;28;7;0;0;154;0
1674;182;0;0;28;7;0;0;154;0
1675;182;0;0;28;7;0;0;154;0
1676;182;0;0;28;7;0;0;154;0
1677;182;0;0;28;7;0;0;154;0
1678;182;0;0;28;7;0;0;154;0
1679;182;0;0;28;7;0;0;154;0
1681;211;0;0;29;0;0;0;130;0
1682;211;0;0;29;0;0;0;130;0
1683;211;0;0;29;0;0;0;130;0
1684;211;0;0;29;0;0;0;130;0
1685;211;0;0;29;0;0;0;130;0
1686;211;0;0;29;0;0;0;130;0
1687;211;0;0;29;0;0;0;130;0
1688;211;0;0;29;0;0;0;130;0
1689;211;0;0;29;0;0;0;130;0
1691;209;0;0;26;3;0;0;148;0
1692;209;0;0;26;3;0;0;148;0
1693;209;0;0;26;3;0;0;148;0
1694;209;0;0;26;3;0;0;148;0
1695;209;0;0;26;3;0;0;148;0
1696;209;0;0;26;3;0;0;148;0
1697;209;0;0;26;3;0;0;148;0
1698;209;0;0;26;3;0;0;148;0
1699;209;0;0;26;3;0;0;148;0
1701;220;0;0;23;6;0;0;152;0
1702;220;0;0;23;6;0;0;152;0
1703;220;0;0;23;6;0;0;152;0
1704;220;0;0;23;6;0;0;152;0
1705;220;0;0;23;6;0;0;152;0
1706;220;0;0;23;6;0;0;152;0
1707;220;0;0;23;6;0;0;152;0
1708;220;0;0;23;6;0;0;152;0
1709;220;0;0;23;6;0;0;152;0
1711;232;0;0;28;4;0;0;148;0
1712;232;0;0;28;4;0;0;148;0
1713;232;0;0;28;4;0;0;148;0
1714;232;0;0;28;4;0;0;148;0
1715;232;0;0;28;4;0;0;148;0
1716;232;0;0;28;4;0;0;148;0
1717;232;0;0;28;4;0;0;148;0
1718;232;0;0;28;4;0;0;148;0
1719;232;0;0;28;4;0;0;148;0
1721;239;0;0;20;6;0;0;156;0
1722;239;0;0;20;6;0;0;156;0
1723;239;0;0;20;6;0;0;156;0
1724;239;0;0;20;6;0;0;156;0
1725;239;0;0;20;6;0;0;156;0
1726;239;0;0;20;6;0;0;156;0
1727;239;0;0;20;6;0;0;156;0
1728;239;0;0;20;6;0;0;156;0
1729;239;0;0;20;6;0;0;156;0
1731;230;0;0;33;4;0;0;162;0
1732;230;0;0;33;4;0;0;162;0
1733;230;0;0;33;4;0;0;162;0
1734;230;0;0;33;4;0;0;162;0
1735;230;0;0;33;4;0;0;162;0
1736;230;0;0;33;4;0;0;162;0
1737;230;0;0;33;4;0;0;162;0
1738;230;0;0;33;4;0;0;162;0
1739;230;0;0;33;4;0;0;162;0
1741;208;0;0;24;5;0;0;177;0
1742;208;0;0;24;5;0;0;177;0
1743;208;0;0;24;5;0;0;177;0
1744;208;0;0;24;5;0;0;177;0
1745;208;0;0;24;5;0;0;177;0
1746;208;0;0;24;5;0;0;177;0
1747;208;0;0;24;5;0;0;177;0
1748;208;0;0;24;5;0;0;177;0
1749;208;0;0;24;5;0;0;177;0
1751;225;0;0;21;5;0;0;155;0
1752;225;0;0;21;5;0;0;155;0
1753;225;0;0;21;5;0;0;155;0
1754;225;0;0;21;5;0;0;155;0
1755;225;0;0;21;5;0;0;155;0
1756;225;0;0;21;5;0;0;155;0
1757;225;0;0;21;5;0;0;155;0
1758;225;0;0;21;5;0;0;155;0
1759;225;0;0;21;5;0;0;155;0
1761;205;0;0;30;6;0;0;166;0
1762;205;0;0;30;6;0;0;166;0
1763;205;0;0;30;6;0;0;166;0
1764;205;0;0;30;6;0;0;166;0
1765;205;0;0;30;6;0;0;166;0
1766;205;0;0;30;6;0;0;166;0
1767;205;0;0;30;6;0;0;166;0
1768;205;0;0;30;6;0;0;166;0
1769;205;0;0;30;6;0;0;166;0
1771;183;0;0;25;5;0;0;196;0
1772;183;0;0;25;5;0;0;196;0
1773;183;0;0;25;5;0;0;196;0
1774;183;0;0;25;5;0;0;196;0
1775;183;0;0;25;5;0;0;196;0
1776;183;0;0;25;5;0;0;196;0
1777;183;0;0;25;5;0;0;196;0
1778;183;0;0;25;5;0;0;196;0
1779;183;0;0;25;5;0;0;196;0
1781;229;0;0;34;5;0;0;153;0
1782;229;0;0;34;5;0;0;153;0
1783;229;0;0;34;5;0;0;153;0
1784;229;0;0;34;5;0;0;153;0
1785;229;0;0;34;5;0;0;153;0
1786;229;0;0;34;5;0;0;153;0
1787;229;0;0;34;5;0;0;153;0
1788;229;0;0;34;5;0;0;153;0
1789;229;0;0;34;5;0;0;153;0
1791;236;0;0;18;4;0;0;164;0
1792;236;0;0;18;4;0;0;164;0
1793;236;0;0;18;4;0;0;164;0
1794;236;0;0;18;4;0;0;164;0
1795;236;0;0;18;4;0;0;164;0
1796;236;0;0;18;4;0;0;164;0
1797;236;0;0;18;4;0;0;164;0
1798;236;0;0;18;4;0;0;164;0
1799;236;0;0;18;4;0;0;164;0
1801;207;0;0;40;5;0;0;179;0
1802;207;0;0;40;5;0;0;179;0
1803;207;0;0;40;5;0;0;179;0
1804;207;0;0;40;5;0;0;179;0
1805;207;0;0;40;5;0;0;179;0
1806;207;0;0;40;5;0;0;179;0
1807;207;0;0;40;5;0;0;179;0
1808;207;0;0;40;5;0;0;179;0
1809;207;0;0;40;5;0;0;179;0
1811;203;0;0;45;5;0;0;188;0
1812;203;0;0;45;5;0;0;188;0
1813;203;0;0;45;5;0;0;188;0
1814;203;0;0;45;5;0;0;188;0
1815;203;0;0;45;5;0;0;188;0
1816;203;0;0;45;5;0;0;188;0
1817;203;0;0;45;5;0;0;188;0
1818;203;0;0;45;5;0;0;188;0
1819;203;0;0;45;5;0;0;188;0
1821;199;0;0;41;7;0;0;177;0
1822;199;0;0;41;7;0;0;177;0
1823;199;0;0;41;7;0;0;177;0
1824;199;0;0;41;7;0;0;177;0
1825;199;0;0;41;7;0;0;177;0
1826;199;0;0;41;7;0;0;177;0
1827;199;0;0;41;7;0;0;177;0
1828;199;0;0;41;7;0;0;177;0
1829;199;0;0;41;7;0;0;177;0
1831;194;0;0;30;2;0;0;179;0
1832;194;0;0;30;2;0;0;179;0
1833;194;0;0;30;2;0;0;179;0
1834;194;0;0;30;2;0;0;179;0
1835;194;0;0;30;2;0;0;179;0
1836;194;0;0;30;2;0;0;179;0
1837;194;0;0;30;2;0;0;179;0
1838;194;0;0;30;2;0;0;179;0
1839;194;0;0;30;2;0;0;179;0
1841;160;0;0;35;4;0;0;199;0
1842;160;0;0;35;4;0;0;199;0
1843;160;0;0;35;4;0;0;199;0
1844;160;0;0;35;4;0;0;199;0
1845;160;0;0;35;4;0;0;199;0
1846;160;0;0;35;4;0;0;199;0
1847;160;0;0;35;4;0;0;199;0
1848;160;0;0;35;4;0;0;199;0
1849;160;0;0;35;4;0;0;199;0
1851;165;0;0;42;2;0;0;204;0
1852;165;0;0;42;2;0;0;204;0
1853;165;0;0;42;2;0;0;204;0
1854;165;0;0;42;2;0;0;204;0
1855;165;0;0;42;2;0;0;204;0
1856;165;0;0;42;2;0;0;204;0
1857;165;0;0;42;2;0;0;204;0
1858;165;0;0;42;2;0;0;204;0
1859;165;0;0;42;2;0;0;204;0
1861;151;0;0;29;8;0;0;203;0
1862;151;0;0;29;8;0;0;203;0
1863;151;0;0;29;8;0;0;203;0
1864;151;0;0;29;8;0;0;203;0
1865;151;0;0;29;8;0;0;203;0
1866;151;0;0;29;8;0;0;203;0
1867;151;0;0;29;8;0;0;203;0
1868;151;0;0;29;8;0;0;203;0
1869;151;0;0;29;8;0;0;203;0
1871;158;0;0;33;7;0;0;186;0
1872;158;0;0;33;7;0;0;186;0
1873;158;0;0;33;7;0;0;186;0
1874;158;0;0;33;7;0;0;186;0
1875;158;0;0;33;7;0;0;186;0
1876;158;0;0;33;7;0;0;186;0
1877;158;0;0;33;7;0;0;186;0
1878;158;0;0;33;7;0;0;186;0
1879;158;0;0;33;7;0;0;186;0
1881;136;0;0;39;5;0;0;214;0
1882;136;0;0;39;5;0;0;214;0
1883;136;0;0;39;5;0;0;214;0
1884;136;0;0;39;5;0;0;214;0
1885;136;0;0;39;5;0;0;214;0
1886;136;0;0;39;5;0;0;214;0
1887;136;0;0;39;5;0;0;214;0
1888;136;0;0;39;5;0;0;214;0
1889;136;0;0;39;5;0;0;214;0
1891;129;0;0;51;3;0;0;214;0
1892;129;0;0;51;3;0;0;214;0
1893;129;0;0;51;3;0;0;214;0
1894;129;0;0;51;3;0;0;214;0
1895;129;0;0;51;3;0;0;214;0
1896;129;0;0;51;3;0;0;214;0
1897;129;0;0;51;3;0;0;214;0
1898;129;0;0;51;3;0;0;214;0
1899;129;0;0;51;3;0;0;214;0
1901;108;0;0;45;4;0;0;213;0
1902;108;0;0;45;4;0;0;213;0
1903;108;0;0;45;4;0;0;213;0
1904;108;0;0;45;4;0;0;213;0
1905;108;0;0;45;4;0;0;213;0
1906;108;0;0;45;4;0;0;213;0
1907;108;0;0;45;4;0;0;213;0
1908;108;0;0;45;4;0;0;213;0
1909;108;0;0;45;4;0;0;213;0
1911;120;0;0;37;3;0;0;201;0
1912;120;0;0;37;3;0;0;201;0
1913;120;0;0;37;3;0;0;201;0
1914;120;0;0;37;3;0;0;201;0
1915;120;0;0;37;3;0;0;201;0
1916;120;0;0;37;3;0;0;201;0
1917;120;0;0;37;3;0;0;201;0
1918;120;0;0;37;3;0;0;201;0
1919;120;0;0;37;3;0;0;201;0
1921;103;0;0;44;3;0;0;203;0
1922;103;0;0;44;3;0;0;203;0
1923;103;0;0;44;3;0;0;203;0
1924;103;0;0;44;3;0;0;203;0
1925;103;0;0;44;3;0;0;203;0
1926;103;0;0;44;3;0;0;203;0
1927;103;0;0;44;3;0;0;203;0
1928;103;0;0;44;3;0;0;203;0
1929;103;0;0;44;3;0;0;203;0
1931;87;0;0;55;2;0;0;186;0
1932;87;0;0;55;2;0;0;186;0
1933;87;0;0;55;2;0;0;186;0
1934;87;0;0;55;2;0;0;186;0
1935;87;0;0;55;2;0;0;186;0
1936;87;0;0;55;2;0;0;186;0
1937;87;0;0;55;2;0;0;186;0
1938;87;0;0;55;2;0;0;186;0
1939;87;0;0;55;2;0;0;186;0
1941;81;0;0;40;4;0;0;204;0
1942;81;0;0;40;4;0;0;204;0
1943;81;0;0;40;4;0;0;204;0
1944;81;0;0;40;4;0;0;204;0
1945;81;0;0;40;4;0;0;204;0
1946;81;0;0;40;4;0;0;204;0
1947;81;0;0;40;4;0;0;204;0
1948;81;0;0;40;4;0;0;204;0
1949;81;0;0;40;4;0;0;204;0
1951;92;0;0;42;6;0;0;205;0
1952;92;0;0;42;6;0;0;205;0
1953;92;0;0;42;6;0;0;205;0
1954;92;0;0;42;6;0;0;205;0
1955;92;0;0;42;6;0;0;205;0
1956;92;0;0;42;6;0;0;205;0
1957;92;0;0;42;6;0;0;205;0
1958;92;0;0;42;6;0;0;205;0
1959;92;0;0;42;6;0;0;205;0
1961;94;0;0;35;5;0;0;210;0
1962;94;0;0;35;5;0;0;210;0
1963;94;0;0;35;5;0;0;210;0
1964;94;0;0;35;5;0;0;210;0
1965;94;0;0;35;5;0;0;210;0
1966;94;0;0;35;5;0;0;210;0
1967;94;0;0;35;5;0;0;210;0
1968;94;0;0;35;5;0;0;210;0
1969;94;0;0;35;5;0;0;210;0
1971;92;0;0;34;5;0;0;209;0
1972;92;0;0;34;5;0;0;209;0
1973;92;0;0;34;5;0;0;209;0
1974;92;0;0;34;5;0;0;209;0
1975;92;0;0;34;5;0;0;209;0
1976;92;0;0;34;5;0;0;209;0
1977;92;0;0;34;5;0;0;209;0
1978;92;0;0;34;5;0;0;209;0
1979;92;0;0;34;5;0;0;209;0
1981;77;0;0;50;5;0;0;225;0
1982;77;0;0;50;5;0;0;225;0
1983;77;0;0;50;5;0;0;225;0
1984;77;0;0;50;5;0;0;225;0
1985;77;0;0;50;5;0;0;225;0
1986;77;0;0;50;5;0;0;225;0
1987;77;0;0;50;5;0;0;225;0
1988;77;0;0;50;5;0;0;225;0
1989;77;0;0;50;5;0;0;225;0
1991;81;0;0;38;7;0;0;242;0
1992;81;0;0;38;7;0;0;242;0
1993;81;0;0;38;7;0;0;242;0
1994;81;0;0;38;7;0;0;242;0
1995;81;0;0;38;7;0;0;242;0
1996;81;0;0;38;7;0;0;242;0
1997;81;0;0;38;7;0;0;242;0
1998;81;0;0;38;7;0;0;242;0
1999;81;0;0;38;7;0;0;242;0
2001;69;0;0;42;7;0;0;197;0
2002;69;0;0;42;7;0;0;197;0
2003;69;0;0;42;7;0;0;197;0
2004;69;0;0;42;7;0;0;197;0
2005;69;0;0;42;7;0;0;197;0
2006;69;0;0;42;7;0;0;197;0
2007;69;0;0;42;7;0;0;197;0
2008;69;0;0;42;7;0;0;197;0
2009;69;0;0;42;7;0;0;197;0
2011;60;0;0;50;2;0;0;219;0
2012;60;0;0;50;2;0;0;219;0
2013;60;0;0;50;2;0;0;219;0
2014;60;0;0;50;2;0;0;219;0
2015;60;0;0;50;2;0;0;219;0
2016;60;0;0;50;2;0;0;219;0
2017;60;0;0;50;2;0;0;219;0
2018;60;0;0;50;2;0;0;219;0
2019;60;0;0;50;2;0;0;219;0
2021;42;0;0;38;4;0;0;218;0
2022;42;0;0;38;4;0;0;218;0
2023;42;0;0;38;4;0;0;218;0
2024;42;0;0;38;4;0;0;218;0
2025;42;0;0;38;4;0;0;218;0
2026;42;0;0;38;4;0;0;218;0
2027;42;0;0;38;4;0;0;218;0
2028;42;0;0;38;4;0;0;218;0
2029;42;0;0;38;4;0;0;218;0
2031;52;0;0;36;2;0;0;240;0
2032;52;0;0;36;2;0;0;240;0
2033;52;0;0;36;2;0;0;240;0
2034;52;0;0;36;2;0;0;240;0
2035;52;0;0;36;2;0;0;240;0
2036;52;0;0;36;2;0;0;240;0
2037;52;0;0;36;2;0;0;240;0
2038;52;0;0;36;2;0;0;240;0
2039;52;0;0;36;2;0;0;240;0
2041;54;0;0;37;5;0;0;228;0
2042;54;0;0;37;5;0;0;228;0
2043;54;0;0;37;5;0;0;228;0
2044;54;0;0;37;5;0;0;228;0
2045;54;0;0;37;5;0;0;228;0
2046;54;0;0;37;5;0;0;228;0
2047;54;0;0;37;5;0;0;228;0
2048;54;0;0;37;5;0;0;228;0
2049;54;0;0;37;5;0;0;228;0
2051;51;0;0;37;3;0;0;215;0
2052;51;0;0;37;3;0;0;215;0
2053;51;0;0;37;3;0;0;215;0
2054;51;0;0;37;3;0;0;215;0
2055;51;0;0;37;3;0;0;215;0
2056;51;0;0;37;3;0;0;215;0
2057;51;0;0;37;3;0;0;215;0
2058;51;0;0;37;3;0;0;215;0
2059;51;0;0;37;3;0;0;215;0
2061;34;0;0;27;5;0;0;218;0
2062;34;0;0;27;5;0;0;218;0
2063;34;0;0;27;5;0;0;218;0
2064;34;0;0;27;5;0;0;218;0
2065;34;0;0;27;5;0;0;218;0
2066;34;0;0;27;5;0;0;218;0
2067;34;0;0;27;5;0;0;218;0
2068;34;0;0;27;5;0;0;218;0
2069;34;0;0;27;5;0;0;218;0
2071;40;0;0;22;1;0;0;207;0
2072;40;0;0;22;1;0;0;207;0
2073;40;0;0;22;1;0;0;207;0
2074;40;0;0;22;1;0;0;207;0
2075;40;0;0;22;1;0;0;207;0
2076;40;0;0;22;1;0;0;207;0
2077;40;0;0;22;1;0;0;207;0
2078;40;0;0;22;1;0;0;207;0
2079;40;0;0;22;1;0;0;207;0
2081;35;0;0;26;4;0;0;221;0
2082;35;0;0;26;4;0;0;221;0
2083;35;0;0;26;4;0;0;221;0
2084;35;0;0;26;4;0;0;221;0
2085;35;0;0;26;4;0;0;221;0
2086;35;0;0;26;4;0;0;221;0
2087;35;0;0;26;4;0;0;221;0
2088;35;0;0;26;4;0;0;221;0
2089;35;0;0;26;4;0;0;221;0
2091;57;0;0;28;5;0;0;213;0
2092;57;0;0;28;5;0;0;213;0
2093;57;0;0;28;5;0;0;213;0
2094;57;0;0;28;5;0;0;213;0
2095;57;0;0;28;5;0;0;213;0
2096;57;0;0;28;5;0;0;213;0
2097;57;0;0;28;5;0;0;213;0
2098;57;0;0;28;5;0;0;213;0
2099;57;0;0;28;5;0;0;213;0
2101;61;0;0;24;5;0;0;209;0
2102;61;0;0;24;5;0;0;209;0
2103;61;0;0;24;5;0;0;209;0
2104;61;0;0;24;5;0;0;209;0
2105;61;0;0;24;5;0;0;209;0
2106;61;0;0;24;5;0;0;209;0
2107;61;0;0;24;5;0;0;209;0
2108;61;0;0;24;5;0;0;209;0
2109;61;0;0;24;5;0;0;209;0
2111;73;0;0;12;5;0;0;192;0
2112;73;0;0;12;5;0;0;192;0
2113;73;0;0;12;5;0;0;192;0
2114;73;0;0;12;5;0;0;192;0
2115;73;0;0;12;5;0;0;192;0
2116;73;0;0;12;5;0;0;192;0
2117;73;0;0;12;5;0;0;192;0
2118;73;0;0;12;5;0;0;192;0
2119;73;0;0;12;5;0;0;192;0
2121;62;0;0;21;6;0;0;205;0
2122;62;0;0;21;6;0;0;205;0
2123;62;0;0;21;6;0;0;205;0
2124;62;0;0;21;6;0;0;205;0
2125;62;0;0;21;6;0;0;205;0
2126;62;0;0;21;6;0;0;205;0
2127;62;0;0;21;6;0;0;205;0
2128;62;0;0;21;6;0;0;205;0
2129;62;0;0;21;6;0;0;205;0
2131;83;0;0;14;3;0;0;200;0
2132;83;0;0;14;3;0;0;200;0
2133;83;0;0;14;3;0;0;200;0
2134;83;0;0;14;3;0;0;200;0
2135;83;0;0;14;3;0;0;200;0
2136;83;0;0;14;3;0;0;200;0
2137;83;0;0;14;3;0;0;200;0
2138;83;0;0;14;3;0;0;200;0
2139;83;0;0;14;3;0;0;200;0
2141;86;0;0;15;13;0;0;194;0
2142;86;0;0;15;13;0;0;194;0
2143;86;0;0;15;13;0;0;194;0
2144;86;0;0;15;13;0;0;194;0
2145;86;0;0;15;13;0;0;194;0
2146;86;0;0;15;13;0;0;194;0
2147;86;0;0;15;13;0;0;194;0
2148;86;0;0;15;13;0;0;194;0
2149;86;0;0;15;13;0;0;194;0
2151;70;0;0;9;2;0;0;204;0
2152;70;0;0;9;2;0;0;204;0
2153;70;0;0;9;2;0;0;204;0
2154;70;0;0;9;2;0;0;204;0
2155;70;0;0;9;2;0;0;204;0
2156;70;0;0;9;2;0;0;204;0
2157;70;0;0;9;2;0;0;204;0
2158;70;0;0;9;2;0;0;204;0
2159;70;0;0;9;2;0;0;204;0
2161;92;0;0;17;6;0;0;180;0
2162;92;0;0;17;6;0;0;180;0
2163;92;0;0;17;6;0;0;180;0
2164;92;0;0;17;6;0;0;180;0
2165;92;0;0;17;6;0;0;180;0
2166;92;0;0;17;6;0;0;180;0
2167;92;0;0;17;6;0;0;180;0
2168;92;0;0;17;6;0;0;180;0
2169;92;0;0;17;6;0;0;180;0
2171;103;0;0;13;1;0;0;170;0
2172;103;0;0;13;1;0;0;170;0
2173;103;0;0;13;1;0;0;170;0
2174;103;0;0;13;1;0;0;170;0
2175;103;0;0;13;1;0;0;170;0
2176;103;0;0;13;1;0;0;170;0
2177;103;0;0;13;1;0;0;170;0
2178;103;0;0;13;1;0;0;170;0
2179;103;0;0;13;1;0;0;170;0
2181;132;0;0;13;4;0;0;183;0
2182;132;0;0;13;4;0;0;183;0
2183;132;0;0;13;4;0;0;183;0
2184;132;0;0;13;4;0;0;183;0
2185;132;0;0;13;4;0;0;183;0
2186;132;0;0;13;4;0;0;183;0
2187;132;0;0;13;4;0;0;183;0
2188;132;0;0;13;4;0;0;183;0
2189;132;0;0;13;4;0;0;183;0
2191;104;0;0;14;3;0;0;168;0
2192;104;0;0;14;3;0;0;168;0
2193;104;0;0;14;3;0;0;168;0
2194;104;0;0;14;3;0;0;168;0
2195;104;0;0;14;3;0;0;168;0
2196;104;0;0;14;3;0;0;168;0
2197;104;0;0;14;3;0;0;168;0
2198;104;0;0;14;3;0;0;168;0
2199;104;0;0;14;3;0;0;168;0
2201;116;0;0;14;3;0;0;172;0
2202;116;0;0;14;3;0;0;172;0
2203;116;0;0;14;3;0;0;172;0
2204;116;0;0;14;3;0;0;172;0
2205;116;0;0;14;3;0;0;172;0
2206;116;0;0;14;3;0;0;172;0
2207;116;0;0;14;3;0;0;172;0
2208;116;0;0;14;3;0;0;172;0
2209;116;0;0;14;3;0;0;172;0
2211;159;0;0;12;6;0;0;166;0
2212;159;0;0;12;6;0;0;166;0
2213;159;0;0;12;6;0;0;166;0
2214;159;0;0;12;6;0;0;166;0
2215;159;0;0;12;6;0;0;166;0
2216;159;0;0;12;6;0;0;166;0
2217;159;0;0;12;6;0;0;166;0
2218;159;0;0;12;6;0;0;166;0
2219;159;0;0;12;6;0;0;166;0
2221;154;0;0;14;6;0;0;155;0
2222;154;0;0;14;6;0;0;155;0
2223;154;0;0;14;6;0;0;155;0
2224;154;0;0;14;6;0;0;155;0
2225;154;0;0;14;6;0;0;155;0
2226;154;0;0;14;6;0;0;155;0
2227;154;0;0;14;6;0;0;155;0
2228;154;0;0;14;6;0;0;155;0
2229;154;0;0;14;6;0;0;155;0
2231;149;0;0;12;6;0;0;170;0
2232;149;0;0;12;6;0;0;170;0
2233;149;0;0;12;6;0;0;170;0
2234;149;0;0;12;6;0;0;170;0
2235;149;0;0;12;6;0;0;170;0
2236;149;0;0;12;6;0;0;170;0
2237;149;0;0;12;6;0;0;170;0
2238;149;0;0;12;6;0;0;170;0
2239;149;0;0;12;6;0;0;170;0
2241;197;0;0;12;3;0;0;163;0
2242;197;0;0;12;3;0;0;163;0
2243;197;0;0;12;3;0;0;163;0
2244;197;0;0;12;3;0;0;163;0
2245;197;0;0;12;3;0;0;163;0
2246;197;0;0;12;3;0;0;163;0
2247;197;0;0;12;3;0;0;163;0
2248;197;0;0;12;3;0;0;163;0
2249;197;0;0;12;3;0;0;163;0
2251;186;0;0;17;2;0;0;175;0
2252;186;0;0;17;2;0;0;175;0
2253;186;0;0;17;2;0;0;175;0
2254;186;0;0;17;2;0;0;175;0
2255;186;0;0;17;2;0;0;175;0
2256;186;0;0;17;2;0;0;175;0
2257;186;0;0;17;2;0;0;175;0
2258;186;0;0;17;2;0;0;175;0
2259;186;0;0;17;2;0;0;175;0
2261;179;0;0;19;3;0;0;153;0
2262;179;0;0;19;3;0;0;153;0
2263;179;0;0;19;3;0;0;153;0
2264;179;0;0;19;3;0;0;153;0
2265;179;0;0;19;3;0;0;153;0
2266;179;0;0;19;3;0;0;153;0
2267;179;0;0;19;3;0;0;153;0
2268;179;0;0;19;3;0;0;153;0
2269;179;0;0;19;3;0;0;153;0
2271;197;0;0;23;4;0;0;160;0
2272;197;0;0;23;4;0;0;160;0
2273;197;0;0;23;4;0;0;160;0
2274;197;0;0;23;4;0;0;160;0
2275;197;0;0;23;4;0;0;160;0
2276;197;0;0;23;4;0;0;160;0
2277;197;0;0;23;4;0;0;160;0
2278;197;0;0;23;4;0;0;160;0
2279;197;0;0;23;4;0;0;160;0
2281;196;0;0;20;3;0;0;152;0
2282;196;0;0;20;3;0;0;152;0
2283;196;0;0;20;3;0;0;152;0
2284;196;0;0;20;3;0;0;152;0
2285;196;0;0;20;3;0;0;152;0
2286;196;0;0;20;3;0;0;152;0
2287;196;0;0;20;3;0;0;152;0
2288;196;0;0;20;3;0;0;152;0
2289;196;0;0;20;3;0;0;152;0
2291;207;0;0;18;5;0;0;157;0
2292;207;0;0;18;5;0;0;157;0
2293;207;0;0;18;5;0;0;157;0
2294;207;0;0;18;5;0;0;157;0
2295;207;0;0;18;5;0;0;157;0
2296;207;0;0;18;5;0;0;157;0
2297;207;0;0;18;5;0;0;157;0
2298;207;0;0;18;5;0;0;157;0
2299;207;0;0;18;5;0;0;157;0
2301;243;0;0;11;1;0;0;158;0
2302;243;0;0;11;1;0;0;158;0
2303;243;0;0;11;1;0;0;158;0
2304;243;0;0;11;1;0;0;158;0
2305;243;0;0;11;1;0;0;158;0
2306;243;0;0;11;1;0;0;158;0
2307;243;0;0;11;1;0;0;158;0
2308;243;0;0;11;1;0;0;158;0
2309;243;0;0;11;1;0;0;158;0
2311;228;0;0;10;8;0;0;143;0
2312;228;0;0;10;8;0;0;143;0
2313;228;0;0;10;8;0;0;143;0
2314;228;0;0;10;8;0;0;143;0
2315;228;0;0;10;8;0;0;143;0
2316;228;0;0;10;8;0;0;143;0
2317;228;0;0;10;8;0;0;143;0
2318;228;0;0;10;8;0;0;143;0
2319;228;0;0;10;8;0;0;143;0
2321;228;0;0;18;2;0;0;162;0
2322;228;0;0;18;2;0;0;162;0
2323;228;0;0;18;2;0;0;162;0
2324;228;0;0;18;2;0;0;162;0
2325;228;0;0;18;2;0;0;162;0
2326;228;0;0;18;2;0;0;162;0
2327;228;0;0;18;2;0;0;162;0
2328;228;0;0;18;2;0;0;162;0
2329;228;0;0;18;2;0;0;162;0
2331;209;0;0;26;4;0;0;162;0
2332;209;0;0;26;4;0;0;162;0
2333;209;0;0;26;4;0;0;162;0
2334;209;0;0;26;4;0;0;162;0
2335;209;0;0;26;4;0;0;162;0
2336;209;0;0;26;4;0;0;162;0
2337;209;0;0;26;4;0;0;162;0
2338;209;0;0;26;4;0;0;162;0
2339;209;0;0;26;4;0;0;162;0
2341;233;0;0;14;5;0;0;158;0
2342;233;0;0;14;5;0;0;158;0
2343;233;0;0;14;5;0;0;158;0
2344;233;0;0;14;5;0;0;158;0
2345;233;0;0;14;5;0;0;158;0
2346;233;0;0;14;5;0;0;158;0
2347;233;0;0;14;5;0;0;158;0
2348;233;0;0;14;5;0;0;158;0
2349;233;0;0;14;5;0;0;158;0
2351;193;0;0;17;3;0;0;180;0
2352;193;0;0;17;3;0;0;180;0
2353;193;0;0;17;3;0;0;180;0
2354;193;0;0;17;3;0;0;180;0
2355;193;0;0;17;3;0;0;180;0
2356;193;0;0;17;3;0;0;180;0
2357;193;0;0;17;3;0;0;180;0
2358;193;0;0;17;3;0;0;180;0
2359;193;0;0;17;3;0;0;180;0
2361;215;0;0;13;4;0;0;164;0
2362;215;0;0;13;4;0;0;164;0
2363;215;0;0;13;4;0;0;164;0
2364;215;0;0;13;4;0;0;164;0
2365;215;0;0;13;4;0;0;164;0
2366;215;0;0;13;4;0;0;164;0
2367;215;0;0;13;4;0;0;164;0
2368;215;0;0;13;4;0;0;164;0
2369;215;0;0;13;4;0;0;164;0
2371;210;0;0;20;4;0;0;167;0
2372;210;0;0;20;4;0;0;167;0
2373;210;0;0;20;4;0;0;167;0
2374;210;0;0;20;4;0;0;167;0
2375;210;0;0;20;4;0;0;167;0
2376;210;0;0;20;4;0;0;167;0
2377;210;0;0;20;4;0;0;167;0
2378;210;0;0;20;4;0;0;167;0
2379;210;0;0;20;4;0;0;167;0
2381;182;0;0;17;1;0;0;183;0
2382;182;0;0;17;1;0;0;183;0
2383;182;0;0;17;1;0;0;183;0
2384;182;0;0;17;1;0;0;183;0
2385;182;0;0;17;1;0;0;183;0
2386;182;0;0;17;1;0;0;183;0
2387;182;0;0;17;1;0;0;183;0
2388;182;0;0;17;1;0;0;183;0
2389;182;0;0;17;1;0;0;183;0
2391;180;0;0;19;3;0;0;160;0
2392;180;0;0;19;3;0;0;160;0
2393;180;0;0;19;3;0;0;160;0
2394;180;0;0;19;3;0;0;160;0
2395;180;0;0;19;3;0;0;160;0
2396;180;0;0;19;3;0;0;160;0
2397;180;0;0;19;3;0;0;160;0
2398;180;0;0;19;3;0;0;160;0
2399;180;0;0;19;3;0;0;160;0
2401;164;0;0;20;3;0;0;161;0
2402;164;0;0;20;3;0;0;161;0
2403;164;0;0;20;3;0;0;161;0
2404;164;0;0;20;3;0;0;161;0
2405;164;0;0;20;3;0;0;161;0
2406;164;0;0;20;3;0;0;161;0
2407;164;0;0;20;3;0;0;161;0
2408;164;0;0;20;3;0;0;161;0
2409;164;0;0;20;3;0;0;161;0
2411;175;0;0;19;3;0;0;163;0
2412;175;0;0;19;3;0;0;163;0
2413;175;0;0;19;3;0;0;163;0
2414;175;0;0;19;3;0;0;163;0
2415;175;0;0;19;3;0;0;163;0
2416;175;0;0;19;3;0;0;163;0
2417;175;0;0;19;3;0;0;163;0
2418;175;0;0;19;3;0;0;163;0
2419;175;0;0;19;3;0;0;163;0
2421;193;0;0;18;6;0;0;184;0
2422;193;0;0;18;6;0;0;184;0
2423;193;0;0;18;6;0;0;184;0
2424;193;0;0;18;6;0;0;184;0
2425;193;0;0;18;6;0;0;184;0
2426;193;0;0;18;6;0;0;184;0
2427;193;0;0;18;6;0;0;184;0
2428;193;0;0;18;6;0;0;184;0
2429;193;0;0;18;6;0;0;184;0
2431;175;0;0;27;3;0;0;185;0
2432;175;0;0;27;3;0;0;185;0
2433;175;0;0;27;3;0;0;185;0
2434;175;0;0;27;3;0;0;185;0
2435;175;0;0;27;3;0;0;185;0
2436;175;0;0;27;3;0;0;185;0
2437;175;0;0;27;3;0;0;185;0
2438;175;0;0;27;3;0;0;185;0
2439;175;0;0;27;3;0;0;185;0
2441;167;0;0;32;3;0;0;178;0
2442;167;0;0;32;3;0;0;178;0
2443;167;0;0;32;3;0;0;178;0
2444;167;0;0;32;3;0;0;178;0
2445;167;0;0;32;3;0;0;178;0
2446;167;0;0;32;3;0;0;178;0
2447;167;0;0;32;3;0;0;178;0
2448;167;0;0;32;3;0;0;178;0
2449;167;0;0;32;3;0;0;178;0
2451;186;0;0;27;3;0;0;174;0
2452;186;0;0;27;3;0;0;174;0
2453;186;0;0;27;3;0;0;174;0
2454;186;0;0;27;3;0;0;174;0
2455;186;0;0;27;3;0;0;174;0
2456;186;0;0;27;3;0;0;174;0
2457;186;0;0;27;3;0;0;174;0
2458;186;0;0;27;3;0;0;174;0
2459;186;0;0;27;3;0;0;174;0
2461;181;0;0;35;5;0;0;188;0
2462;181;0;0;35;5;0;0;188;0
2463;181;0;0;35;5;0;0;188;0
2464;181;0;0;35;5;0;0;188;0
2465;181;0;0;35;5;0;0;188;0
2466;181;0;0;35;5;0;0;188;0
2467;181;0;0;35;5;0;0;188;0
2468;181;0;0;35;5;0;0;188;0
2469;181;0;0;35;5;0;0;188;0
2471;187;0;0;36;2;0;0;189;0
2472;187;0;0;36;2;0;0;189;0
2473;187;0;0;36;2;0;0;189;0
2474;187;0;0;36;2;0;0;189;0
2475;187;0;0;36;2;0;0;189;0
2476;187;0;0;36;2;0;0;189;0
2477;187;0;0;36;2;0;0;189;0
2478;187;0;0;36;2;0;0;189;0
2479;187;0;0;36;2;0;0;189;0
2481;178;0;0;31;2;0;0;223;0
2482;178;0;0;31;2;0;0;223;0
2483;178;0;0;31;2;0;0;223;0
2484;178;0;0;31;2;0;0;223;0
2485;178;0;0;31;2;0;0;223;0
2486;178;0;0;31;2;0;0;223;0
2487;178;0;0;31;2;0;0;223;0
2488;178;0;0;31;2;0;0;223;0
2489;178;0;0;31;2;0;0;223;0
2491;195;0;0;40;0;0;0;194;0
2492;195;0;0;40;0;0;0;194;0
2493;195;0;0;40;0;0;0;194;0
2494;195;0;0;40;0;0;0;194;0
2495;195;0;0;40;0;0;0;194;0
2496;195;0;0;40;0;0;0;194;0
2497;195;0;0;40;0;0;0;194;0
2498;195;0;0;40;0;0;0;194;0
2499;195;0;0;40;0;0;0;194;0
2501;164;0;0;30;2;0;0;215;0
2502;164;0;0;30;2;0;0;215;0
2503;164;0;0;30;2;0;0;215;0
2504;164;0;0;30;2;0;0;215;0
2505;164;0;0;30;2;0;0;215;0
2506;164;0;0;30;2;0;0;215;0
2507;164;0;0;30;2;0;0;215;0
2508;164;0;0;30;2;0;0;215;0
2509;164;0;0;30;2;0;0;215;0
2511;177;0;0;33;1;0;0;193;0
2512;177;0;0;33;1;0;0;193;0
2513;177;0;0;33;1;0;0;193;0
2514;177;0;0;33;1;0;0;193;0
2515;177;0;0;33;1;0;0;193;0
2516;177;0;0;33;1;0;0;193;0
2517;177;0;0;33;1;0;0;193;0
2518;177;0;0;33;1;0;0;193;0
2519;177;0;0;33;1;0;0;193;0
2521;156;0;0;42;2;0;0;189;0
2522;156;0;0;42;2;0;0;189;0
2523;156;0;0;42;2;0;0;189;0
2524;156;0;0;42;2;0;0;189;0
2525;156;0;0;42;2;0;0;189;0
2526;156;0;0;42;2;0;0;189;0
2527;156;0;0;42;2;0;0;189;0
2528;156;0;0;42;2;0;0;189;0
2529;156;0;0;42;2;0;0;189;0
2531;152;0;0;29;1;0;0;171;0
2532;152;0;0;29;1;0;0;171;0
2533;152;0;0;29;1;0;0;171;0
2534;152;0;0;29;1;0;0;171;0
2535;152;0;0;29;1;0;0;171;0
2536;152;0;0;29;1;0;0;171;0
2537;152;0;0;29;1;0;0;171;0
2538;152;0;0;29;1;0;0;171;0
2539;152;0;0;29;1;0;0;171;0
2541;166;0;0;25;7;0;0;187;0
2542;166;0;0;25;7;0;0;187;0
2543;166;0;0;25;7;0;0;187;0
2544;166;0;0;25;7;0;0;187;0
2545;166;0;0;25;7;0;0;187;0
2546;166;0;0;25;7;0;0;187;0
2547;166;0;0;25;7;0;0;187;0
2548;166;0;0;25;7;0;0;187;0
2549;166;0;0;25;7;0;0;187;0
2551;167;0;0;31;3;0;0;166;0
2552;167;0;0;31;3;0;0;166;0
2553;167;0;0;31;3;0;0;166;0
2554;167;0;0;31;3;0;0;166;0
2555;167;0;0;31;3;0;0;166;0
2556;167;0;0;31;3;0;0;166;0
2557;167;0;0;31;3;0;0;166;0
2558;167;0;0;31;3;0;0;166;0
2559;167;0;0;31;3;0;0;166;0
2561;126;0;0;24;8;0;0;221;0
2562;126;0;0;24;8;0;0;221;0
2563;126;0;0;24;8;0;0;221;0
2564;126;0;0;24;8;0;0;221;0
2565;126;0;0;24;8;0;0;221;0
2566;126;0;0;24;8;0;0;221;0
2567;126;0;0;24;8;0;0;221;0
2568;126;0;0;24;8;0;0;221;0
2569;126;0;0;24;8;0;0;221;0
2571;154;0;0;34;5;0;0;183;0
2572;154;0;0;34;5;0;0;183;0
2573;154;0;0;34;5;0;0;183;0
2574;154;0;0;34;5;0;0;183;0
2575;154;0;0;34;5;0;0;183;0
2576;154;0;0;34;5;0;0;183;0
2577;154;0;0;34;5;0;0;183;0
2578;154;0;0;34;5;0;0;183;0
2579;154;0;0;34;5;0;0;183;0
2581;145;0;0;34;1;0;0;205;0
2582;145;0;0;34;1;0;0;205;0
2583;145;0;0;34;1;0;0;205;0
2584;145;0;0;34;1;0;0;205;0
2585;145;0;0;34;1;0;0;205;0
2586;145;0;0;34;1;0;0;205;0
2587;145;0;0;34;1;0;0;205;0
2588;145;0;0;34;1;0;0;205;0
2589;145;0;0;34;1;0;0;205;0
2591;143;0;0;30;1;0;0;198;0
2592;143;0;0;30;1;0;0;198;0
2593;143;0;0;30;1;0;0;198;0
2594;143;0;0;30;1;0;0;198;0
2595;143;0;0;30;1;0;0;198;0
2596;143;0;0;30;1;0;0;198;0
2597;143;0;0;30;1;0;0;198;0
2598;143;0;0;30;1;0;0;198;0
2599;143;0;0;30;1;0;0;198;0
2601;136;0;0;24;1;0;0;190;0
2602;136;0;0;24;1;0;0;190;0
2603;136;0;0;24;1;0;0;190;0
2604;136;0;0;24;1;0;0;190;0
2605;136;0;0;24;1;0;0;190;0
2606;136;0;0;24;1;0;0;190;0
2607;136;0;0;24;1;0;0;190;0
2608;136;0;0;24;1;0;0;190;0
2609;136;0;0;24;1;0;0;190;0
2611;153;0;0;32;5;0;0;197;0
2612;153;0;0;32;5;0;0;197;0
2613;153;0;0;32;5;0;0;197;0
2614;153;0;0;32;5;0;0;197;0
2615;153;0;0;32;5;0;0;197;0
2616;153;0;0;32;5;0;0;197;0
2617;153;0;0;32;5;0;0;197;0
2618;153;0;0;32;5;0;0;197;0
2619;153;0;0;32;5;0;0;197;0
2621;126;0;0;27;2;0;0;216;0
2622;126;0;0;27;2;0;0;216;0
2623;126;0;0;27;2;0;0;216;0
2624;126;0;0;27;2;0;0;216;0
2625;126;0;0;27;2;0;0;216;0
2626;126;0;0;27;2;0;0;216;0
2627;126;0;0;27;2;0;0;216;0
2628;126;0;0;27;2;0;0;216;0
2629;126;0;0;27;2;0;0;216;0
2631;124;0;0;32;4;0;0;202;0
2632;124;0;0;32;4;0;0;202;0
2633;124;0;0;32;4;0;0;202;0
2634;124;0;0;32;4;0;0;202;0
2635;124;0;0;32;4;0;0;202;0
2636;124;0;0;32;4;0;0;202;0
2637;124;0;0;32;4;0;0;202;0
2638;124;0;0;32;4;0;0;202;0
2639;124;0;0;32;4;0;0;202;0
2641;110;0;0;26;0;0;0;202;0
2642;110;0;0;26;0;0;0;202;0
2643;110;0;0;26;0;0;0;202;0
2644;110;0;0;26;0;0;0;202;0
2645;110;0;0;26;0;0;0;202;0
2646;110;0;0;26;0;0;0;202;0
2647;110;0;0;26;0;0;0;202;0
2648;110;0;0;26;0;0;0;202;0
2649;110;0;0;26;0;0;0;202;0
2651;117;0;0;28;2;0;0;183;0
2652;117;0;0;28;2;0;0;183;0
2653;117;0;0;28;2;0;0;183;0
2654;117;0;0;28;2;0;0;183;0
2655;117;0;0;28;2;0;0;183;0
2656;117;0;0;28;2;0;0;183;0
2657;117;0;0;28;2;0;0;183;0
2658;117;0;0;28;2;0;0;183;0
2659;117;0;0;28;2;0;0;183;0
2661;88;0;0;25;3;0;0;218;0
2662;88;0;0;25;3;0;0;218;0
2663;88;0;0;25;3;0;0;218;0
2664;88;0;0;25;3;0;0;218;0
2665;88;0;0;25;3;0;0;218;0
2666;88;0;0;25;3;0;0;218;0
2667;88;0;0;25;3;0;0;218;0
2668;88;0;0;25;3;0;0;218;0
2669;88;0;0;25;3;0;0;218;0
2671;130;0;0;30;1;0;0;213;0
2672;130;0;0;30;1;0;0;213;0
2673;130;0;0;30;1;0;0;213;0
2674;130;0;0;30;1;0;0;213;0
2675;130;0;0;30;1;0;0;213;0
2676;130;0;0;30;1;0;0;213;0
2677;130;0;0;30;1;0;0;213;0
2678;130;0;0;30;1;0;0;213;0
2679;130;0;0;30;1;0;0;213;0
2681;120;0;0;22;5;0;0;204;0
2682;120;0;0;22;5;0;0;204;0
2683;120;0;0;22;5;0;0;204;0
2684;120;0;0;22;5;0;0;204;0
2685;120;0;0;22;5;0;0;204;0
2686;120;0;0;22;5;0;0;204;0
2687;120;0;0;22;5;0;0;204;0
2688;120;0;0;22;5;0;0;204;0
2689;120;0;0;22;5;0;0;204;0
2691;107;0;0;12;2;0;0;221;0
2692;107;0;0;12;2;0;0;221;0
2693;107;0;0;12;2;0;0;221;0
2694;107;0;0;12;2;0;0;221;0
2695;107;0;0;12;2;0;0;221;0
2696;107;0;0;12;2;0;0;221;0
2697;107;0;0;12;2;0;0;221;0
2698;107;0;0;12;2;0;0;221;0
2699;107;0;0;12;2;0;0;221;0
2701;87;0;0;19;3;0;0;238;0
2702;87;0;0;19;3;0;0;238;0
2703;87;0;0;19;3;0;0;238;0
2704;87;0;0;19;3;0;0;238;0
2705;87;0;0;19;3;0;0;238;0
2706;87;0;0;19;3;0;0;238;0
2707;87;0;0;19;3;0;0;238;0
2708;87;0;0;19;3;0;0;238;0
2709;87;0;0;19;3;0;0;238;0
2711;85;0;0;20;6;0;0;200;0
2712;85;0;0;20;6;0;0;200;0
2713;85;0;0;20;6;0;0;200;0
2714;85;0;0;20;6;0;0;200;0
2715;85;0;0;20;6;0;0;200;0
2716;85;0;0;20;6;0;0;200;0
2717;85;0;0;20;6;0;0;200;0
2718;85;0;0;20;6;0;0;200;0
2719;85;0;0;20;6;0;0;200;0
2721;97;0;0;4;3;0;0;202;0
2722;97;0;0;4;3;0;0;202;0
2723;97;0;0;4;3;0;0;202;0
2724;97;0;0;4;3;0;0;202;0
2725;97;0;0;4;3;0;0;202;0
2726;97;0;0;4;3;0;0;202;0
2727;97;0;0;4;3;0;0;202;0
2728;97;0;0;4;3;0;0;202;0
2729;97;0;0;4;3;0;0;202;0
2731;110;0;0;21;3;0;0;216;0
2732;110;0;0;21;3;0;0;216;0
2733;110;0;0;21;3;0;0;216;0
2734;110;0;0;21;3;0;0;216;0
2735;110;0;0;21;3;0;0;216;0
2736;110;0;0;21;3;0;0;216;0
2737;110;0;0;21;3;0;0;216;0
2738;110;0;0;21;3;0;0;216;0
2739;110;0;0;21;3;0;0;216;0
2741;107;0;0;24;4;0;0;183;0
2742;107;0;0;24;4;0;0;183;0
2743;107;0;0;24;4;0;0;183;0
2744;107;0;0;24;4;0;0;183;0
2745;107;0;0;24;4;0;0;183;0
2746;107;0;0;24;4;0;0;183;0
2747;107;0;0;24;4;0;0;183;0
2748;107;0;0;24;4;0;0;183;0
2749;107;0;0;24;4;0;0;183;0
2751;100;0;0;27;4;0;0;194;0
2752;100;0;0;27;4;0;0;194;0
2753;100;0;0;27;4;0;0;194;0
2754;100;0;0;27;4;0;0;194;0
2755;100;0;0;27;4;0;0;194;0
2756;100;0;0;27;4;0;0;194;0
2757;100;0;0;27;4;0;0;194;0
2758;100;0;0;27;4;0;0;194;0
2759;100;0;0;27;4;0;0;194;0
2761;117;0;0;27;4;0;0;192;0
2762;117;0;0;27;4;0;0;192;0
2763;117;0;0;27;4;0;0;192;0
2764;117;0;0;27;4;0;0;192;0
2765;117;0;0;27;4;0;0;192;0
2766;117;0;0;27;4;0;0;192;0
2767;117;0;0;27;4;0;0;192;0
2768;117;0;0;27;4;0;0;192;0
2769;117;0;0;27;4;0;0;192;0
2771;94;0;0;22;4;0;0;186;0
2772;94;0;0;22;4;0;0;186;0
2773;94;0;0;22;4;0;0;186;0
2774;94;0;0;22;4;0;0;186;0
2775;94;0;0;22;4;0;0;186;0
2776;94;0;0;22;4;0;0;186;0
2777;94;0;0;22;4;0;0;186;0
2778;94;0;0;22;4;0;0;186;0
2779;94;0;0;22;4;0;0;186;0
2781;71;0;0;36;-1;0;0;193;0
2782;71;0;0;36;-1;0;0;193;0
2783;71;0;0;36;-1;0;0;193;0
2784;71;0;0;36;-1;0;0;193;0
2785;71;0;0;36;-1;0;0;193;0
2786;71;0;0;36;-1;0;0;193;0
2787;71;0;0;36;-1;0;0;193;0
2788;71;0;0;36;-1;0;0;193;0
2789;71;0;0;36;-1;0;0;193;0
2791;92;0;0;28;2;0;0;212;0
2792;92;0;0;28;2;0;0;212;0
2793;92;0;0;28;2;0;0;212;0
2794;92;0;0;28;2;0;0;212;0
2795;92;0;0;28;2;0;0;212;0
2796;92;0;0;28;2;0;0;212;0
2797;92;0;0;28;2;0;0;212;0
2798;92;0;0;28;2;0;0;212;0
2799;92;0;0;28;2;0;0;212;0
2801;91;0;0;32;1;0;0;201;0
2802;91;0;0;32;1;0;0;201;0
2803;91;0;0;32;1;0;0;201;0
2804;91;0;0;32;1;0;0;201;0
2805;91;0;0;32;1;0;0;201;0
2806;91;0;0;32;1;0;0;201;0
2807;91;0;0;32;1;0;0;201;0
2808;91;0;0;32;1;0;0;201;0
2809;91;0;0;32;1;0;0;201;0
2811;82;0;0;31;3;0;0;197;0
2812;82;0;0;31;3;0;0;197;0
2813;82;0;0;31;3;0;0;197;0
2814;82;0;0;31;3;0;0;197;0
2815;82;0;0;31;3;0;0;197;0
2816;82;0;0;31;3;0;0;197;0
2817;82;0;0;31;3;0;0;197;0
2818;82;0;0;31;3;0;0;197;0
2819;82;0;0;31;3;0;0;197;0
2821;86;0;0;36;3;0;0;174;0
2822;86;0;0;36;3;0;0;174;0
2823;86;0;0;36;3;0;0;174;0
2824;86;0;0;36;3;0;0;174;0
2825;86;0;0;36;3;0;0;174;0
2826;86;0;0;36;3;0;0;174;0
2827;86;0;0;36;3;0;0;174;0
2828;86;0;0;36;3;0;0;174;0
2829;86;0;0;36;3;0;0;174;0
2831;95;0;0;26;3;0;0;201;0
2832;95;0;0;26;3;0;0;201;0
2833;95;0;0;26;3;0;0;201;0
2834;95;0;0;26;3;0;0;201;0
2835;95;0;0;26;3;0;0;201;0
2836;95;0;0;26;3;0;0;201;0
2837;95;0;0;26;3;0;0;201;0
2838;95;0;0;26;3;0;0;201;0
2839;95;0;0;26;3;0;0;201;0
2841;114;0;0;34;6;0;0;186;0
2842;114;0;0;34;6;0;0;186;0
2843;114;0;0;34;6;0;0;186;0
2844;114;0;0;34;6;0;0;186;0
2845;114;0;0;34;6;0;0;186;0
2846;114;0;0;34;6;0;0;186;0
2847;114;0;0;34;6;0;0;186;0
2848;114;0;0;34;6;0;0;186;0
2849;114;0;0;34;6;0;0;186;0
2851;88;0;0;24;2;0;0;188;0
2852;88;0;0;24;2;0;0;188;0
2853;88;0;0;24;2;0;0;188;0
2854;88;0;0;24;2;0;0;188;0
2855;88;0;0;24;2;0;0;188;0
2856;88;0;0;24;2;0;0;188;0
2857;88;0;0;24;2;0;0;188;0
2858;88;0;0;24;2;0;0;188;0
2859;88;0;0;24;2;0;0;188;0
2861;103;0;0;34;2;0;0;181;0
2862;103;0;0;34;2;0;0;181;0
2863;103;0;0;34;2;0;0;181;0
2864;103;0;0;34;2;0;0;181;0
2865;103;0;0;34;2;0;0;181;0
2866;103;0;0;34;2;0;0;181;0
2867;103;0;0;34;2;0;0;181;0
2868;103;0;0;34;2;0;0;181;0
2869;103;0;0;34;2;0;0;181;0
2871;104;0;0;34;3;0;0;186;0
2872;104;0;0;34;3;0;0;186;0
2873;104;0;0;34;3;0;0;186;0
2874;104;0;0;34;3;0;0;186;0
2875;104;0;0;34;3;0;0;186;0
2876;104;0;0;34;3;0;0;186;0
2877;104;0;0;34;3;0;0;186;0
2878;104;0;0;34;3;0;0;186;0
2879;104;0;0;34;3;0;0;186;0
2881;114;0;0;23;5;0;0;198;0
2882;114;0;0;23;5;0;0;198;0
2883;114;0;0;23;5;0;0;198;0
2884;114;0;0;23;5;0;0;198;0
2885;114;0;0;23;5;0;0;198;0
2886;114;0;0;23;5;0;0;198;0
2887;114;0;0;23;5;0;0;198;0
2888;114;0;0;23;5;0;0;198;0
2889;114;0;0;23;5;0;0;198;0
2891;110;0;0;35;2;0;0;171;0
2892;110;0;0;35;2;0;0;171;0
2893;110;0;0;35;2;0;0;171;0
2894;110;0;0;35;2;0;0;171;0
2895;110;0;0;35;2;0;0;171;0
2896;110;0;0;35;2;0;0;171;0
2897;110;0;0;35;2;0;0;171;0
2898;110;0;0;35;2;0;0;171;0
2899;110;0;0;35;2;0;0;171;0
2901;117;0;0;27;2;0;0;168;0
2902;117;0;0;27;2;0;0;168;0
2903;117;0;0;27;2;0;0;168;0
2904;117;0;0;27;2;0;0;168;0
2905;117;0;0;27;2;0;0;168;0
2906;117;0;0;27;2;0;0;168;0
2907;117;0;0;27;2;0;0;168;0
2908;117;0;0;27;2;0;0;168;0
2909;117;0;0;27;2;0;0;168;0
2911;127;0;0;29;3;0;0;170;0
2912;127;0;0;29;3;0;0;170;0
2913;127;0;0;29;3;0;0;170;0
2914;127;0;0;29;3;0;0;170;0
2915;127;0;0;29;3;0;0;170;0
2916;127;0;0;29;3;0;0;170;0
2917;127;0;0;29;3;0;0;170;0
2918;127;0;0;29;3;0;0;170;0
2919;127;0;0;29;3;0;0;170;0
2921;125;0;0;32;1;0;0;160;0
2922;125;0;0;32;1;0;0;160;0
2923;125;0;0;32;1;0;0;160;0
2924;125;0;0;32;1;0;0;160;0
2925;125;0;0;32;1;0;0;160;0
2926;125;0;0;32;1;0;0;160;0
2927;125;0;0;32;1;0;0;160;0
2928;125;0;0;32;1;0;0;160;0
2929;125;0;0;32;1;0;0;160;0
2931;140;0;0;27;2;0;0;166;0
2932;140;0;0;27;2;0;0;166;0
2933;140;0;0;27;2;0;0;166;0
2934;140;0;0;27;2;0;0;166;0
2935;140;0;0;27;2;0;0;166;0
1000001;295;0;0;55;1;0;0;319;0
